I,II,III,aVR,aVL,aVF,V1,V2,V3,V4,V5,V6
-0.071,-0.075,-0.003,0.073,-0.034,-0.039,0.215,-0.096,-0.084,-0.073,0.32,0.14
-0.066,-0.072,-0.005,0.069,-0.03,-0.038,0.212,-0.09,-0.066,-0.055,0.332,0.148
-0.061,-0.068,-0.007,0.065,-0.026,-0.037,0.218,-0.072,-0.06,-0.054,0.326,0.118
-0.128,-0.095,0.034,0.111,-0.081,-0.03,0.287,-0.002,-0.005,-0.017,0.341,0.107
-0.082,-0.268,-0.186,0.175,0.052,-0.227,0.387,0.35,0.21,0.034,0.253,0.052
0.769,-0.19,-0.959,-0.29,0.864,-0.574,0.125,0.406,0.404,0.068,0.411,0.131
1.595,0.11,-1.484,-0.852,1.539,-0.687,-0.406,-0.231,0.248,0.093,0.841,0.493
0.965,-0.031,-0.996,-0.467,0.981,-0.513,-0.629,-1.176,-0.763,-0.565,0.5,0.424
0.288,0.032,-0.255,-0.16,0.271,-0.112,-0.504,-1.224,-1.008,-0.684,0.372,0.358
0.135,0.248,0.113,-0.191,0.01,0.18,-0.157,-0.545,-0.372,-0.167,0.634,0.489
-0.064,0.133,0.197,-0.035,-0.13,0.164,0.074,-0.31,-0.216,-0.085,0.567,0.421
-0.096,0.081,0.177,0.007,-0.137,0.129,0.13,-0.241,-0.145,-0.034,0.554,0.381
-0.144,0.06,0.204,0.041,-0.174,0.132,0.159,-0.203,-0.137,-0.034,0.534,0.361
-0.149,0.055,0.203,0.047,-0.176,0.129,0.16,-0.2,-0.136,-0.03,0.541,0.366
-0.146,0.05,0.195,0.048,-0.171,0.122,0.178,-0.173,-0.118,-0.018,0.546,0.365
-0.149,0.046,0.195,0.051,-0.172,0.121,0.177,-0.173,-0.124,-0.022,0.541,0.364
-0.107,0.08,0.187,0.014,-0.147,0.133,0.184,-0.151,-0.105,-0.006,0.552,0.365
-0.107,0.079,0.186,0.013,-0.146,0.132,0.187,-0.148,-0.11,-0.01,0.555,0.369
-0.116,0.08,0.196,0.017,-0.156,0.138,0.194,-0.135,-0.092,0.008,0.579,0.38
-0.122,0.08,0.202,0.021,-0.162,0.141,0.206,-0.129,-0.087,0.01,0.594,0.377
-0.12,0.079,0.199,0.02,-0.159,0.139,0.204,-0.122,-0.074,0.023,0.602,0.394
-0.119,0.082,0.201,0.018,-0.16,0.141,0.206,-0.112,-0.06,0.029,0.616,0.41
-0.115,0.085,0.199,0.015,-0.158,0.141,0.204,-0.094,-0.047,0.047,0.634,0.422
-0.115,0.085,0.2,0.015,-0.158,0.142,0.208,-0.067,-0.028,0.071,0.647,0.43
-0.105,0.087,0.193,0.009,-0.149,0.14,0.223,-0.038,-0.001,0.083,0.665,0.439
-0.092,0.091,0.183,0.001,-0.138,0.137,0.239,-0.012,0.022,0.101,0.68,0.444
-0.085,0.09,0.175,-0.003,-0.13,0.132,0.244,0.014,0.046,0.119,0.689,0.438
-0.08,0.086,0.166,-0.003,-0.123,0.126,0.247,0.054,0.079,0.136,0.69,0.433
-0.073,0.08,0.153,-0.003,-0.113,0.116,0.271,0.089,0.104,0.15,0.689,0.429
-0.046,0.075,0.121,-0.015,-0.084,0.098,0.29,0.099,0.12,0.16,0.685,0.425
-0.02,0.069,0.089,-0.025,-0.055,0.079,0.292,0.122,0.123,0.16,0.684,0.42
0.003,0.063,0.06,-0.034,-0.029,0.061,0.294,0.14,0.129,0.16,0.684,0.416
0.034,0.059,0.025,-0.047,0.005,0.042,0.299,0.144,0.139,0.16,0.688,0.41
0.048,0.051,0.003,-0.049,0.022,0.027,0.305,0.151,0.137,0.16,0.693,0.405
0.058,0.043,-0.014,-0.05,0.036,0.014,0.3,0.148,0.124,0.156,0.685,0.399
0.052,0.029,-0.023,-0.04,0.037,0.003,0.295,0.137,0.114,0.142,0.678,0.394
0.011,-0.005,-0.016,-0.003,0.014,-0.01,0.292,0.101,0.098,0.128,0.671,0.388
-0.021,-0.031,-0.009,0.026,-0.006,-0.02,0.286,0.054,0.066,0.118,0.662,0.385
-0.045,-0.048,-0.003,0.047,-0.021,-0.025,0.283,0.019,0.037,0.111,0.668,0.385
-0.054,-0.05,0.004,0.052,-0.029,-0.023,0.278,0.004,0.019,0.104,0.681,0.385
-0.046,-0.036,0.01,0.041,-0.028,-0.013,0.275,-0.006,0.013,0.096,0.679,0.385
-0.039,-0.028,0.01,0.033,-0.024,-0.009,0.272,-0.018,0.01,0.088,0.679,0.384
-0.034,-0.024,0.01,0.029,-0.021,-0.007,0.267,-0.015,0.007,0.087,0.692,0.389
-0.036,-0.026,0.011,0.031,-0.023,-0.007,0.265,-0.015,0.002,0.09,0.703,0.39
-0.032,-0.025,0.007,0.028,-0.019,-0.008,0.269,-0.015,0.0,0.09,0.703,0.39
-0.042,-0.025,0.016,0.033,-0.028,-0.004,0.27,-0.015,0.005,0.09,0.711,0.389
-0.059,-0.025,0.034,0.042,-0.046,0.004,0.274,-0.015,0.008,0.09,0.716,0.392
-0.057,-0.023,0.034,0.039,-0.045,0.005,0.275,-0.017,0.011,0.089,0.714,0.398
-0.053,-0.016,0.037,0.034,-0.044,0.01,0.277,-0.021,0.015,0.086,0.715,0.403
-0.054,-0.009,0.045,0.031,-0.049,0.017,0.28,-0.02,0.02,0.081,0.714,0.413
-0.073,-0.033,0.04,0.053,-0.057,0.004,0.28,-0.024,0.018,0.079,0.715,0.408
-0.066,-0.031,0.035,0.048,-0.05,0.002,0.279,-0.026,0.011,0.074,0.711,0.4
-0.035,-0.005,0.029,0.02,-0.032,0.012,0.282,-0.025,0.007,0.071,0.704,0.393
-0.016,0.007,0.023,0.004,-0.02,0.015,0.295,-0.031,0.001,0.068,0.7,0.385
0.004,0.023,0.019,-0.013,-0.008,0.02,0.293,-0.038,-0.005,0.062,0.694,0.379
-0.001,0.014,0.014,-0.007,-0.008,0.014,0.289,-0.04,-0.01,0.058,0.688,0.373
-0.014,-0.003,0.011,0.008,-0.012,0.004,0.285,-0.043,-0.015,0.053,0.683,0.369
-0.027,-0.019,0.008,0.023,-0.017,-0.005,0.281,-0.046,-0.018,0.049,0.677,0.364
-0.034,-0.031,0.003,0.032,-0.018,-0.014,0.278,-0.049,-0.022,0.044,0.672,0.36
-0.03,-0.029,0.0,0.03,-0.015,-0.015,0.275,-0.05,-0.025,0.04,0.667,0.356
-0.034,-0.031,0.003,0.032,-0.018,-0.013,0.275,-0.05,-0.03,0.041,0.661,0.35
-0.03,-0.024,0.006,0.026,-0.017,-0.009,0.272,-0.05,-0.028,0.038,0.656,0.35
-0.031,-0.026,0.004,0.028,-0.017,-0.011,0.27,-0.051,-0.024,0.036,0.658,0.349
-0.029,-0.024,0.005,0.026,-0.017,-0.009,0.268,-0.047,-0.021,0.033,0.66,0.346
-0.037,-0.032,0.005,0.034,-0.021,-0.013,0.283,-0.038,-0.017,0.038,0.661,0.343
-0.026,-0.02,0.006,0.023,-0.016,-0.007,0.296,-0.027,-0.015,0.053,0.666,0.346
-0.021,0.02,0.042,0.0,-0.032,0.031,0.325,-0.002,0.008,0.084,0.664,0.357
-0.008,0.043,0.051,-0.017,-0.03,0.047,0.341,0.039,0.047,0.114,0.676,0.371
0.048,0.069,0.02,-0.059,0.014,0.044,0.309,0.044,0.05,0.102,0.681,0.388
0.032,0.03,-0.002,-0.031,0.017,0.014,0.27,0.001,0.018,0.089,0.658,0.378
0.017,-0.009,-0.026,-0.004,0.021,-0.017,0.24,-0.039,-0.01,0.065,0.637,0.358
0.048,0.013,-0.036,-0.03,0.042,-0.011,0.24,-0.076,-0.04,0.039,0.623,0.353
0.064,0.015,-0.049,-0.04,0.056,-0.017,0.24,-0.091,-0.069,0.033,0.608,0.345
0.061,0.009,-0.052,-0.035,0.057,-0.021,0.239,-0.092,-0.072,0.03,0.602,0.339
0.035,-0.005,-0.039,-0.015,0.037,-0.022,0.24,-0.085,-0.067,0.028,0.592,0.333
0.007,-0.024,-0.031,0.009,0.019,-0.027,0.24,-0.09,-0.071,0.02,0.582,0.315
-0.025,-0.054,-0.029,0.04,0.002,-0.041,0.268,-0.079,-0.058,0.024,0.561,0.285
-0.049,-0.072,-0.023,0.061,-0.013,-0.047,0.269,-0.09,-0.073,0.01,0.536,0.269
-0.042,-0.064,-0.022,0.053,-0.01,-0.043,0.272,-0.069,-0.052,0.022,0.542,0.272
-0.054,-0.07,-0.016,0.063,-0.019,-0.043,0.275,-0.072,-0.065,0.007,0.525,0.257
-0.059,-0.071,-0.013,0.065,-0.023,-0.042,0.275,-0.065,-0.053,0.022,0.534,0.261
-0.093,-0.097,-0.004,0.095,-0.044,-0.05,0.285,-0.045,-0.044,0.014,0.52,0.247
-0.127,-0.074,0.054,0.1,-0.09,-0.01,0.32,-0.037,-0.023,0.043,0.52,0.233
-0.075,-0.162,-0.087,0.119,0.006,-0.125,0.471,0.348,0.241,0.16,0.461,0.154
0.588,-0.12,-0.708,-0.234,0.648,-0.414,0.263,0.461,0.465,0.224,0.593,0.243
1.531,0.103,-1.428,-0.817,1.48,-0.662,-0.326,-0.095,0.383,0.196,0.946,0.559
1.201,-0.12,-1.321,-0.54,1.261,-0.72,-0.655,-1.024,-0.578,-0.487,0.649,0.389
0.469,-0.067,-0.536,-0.2,0.503,-0.302,-0.527,-1.245,-1.029,-0.715,0.443,0.3
0.22,0.228,0.008,-0.224,0.106,0.118,-0.116,-0.545,-0.387,-0.158,0.676,0.517
-0.023,0.154,0.177,-0.066,-0.1,0.165,0.127,-0.279,-0.211,-0.043,0.623,0.436
-0.1,0.108,0.208,-0.005,-0.154,0.158,0.208,-0.215,-0.148,-0.008,0.558,0.367
-0.147,0.088,0.235,0.029,-0.191,0.161,0.252,-0.157,-0.105,0.015,0.529,0.341
-0.158,0.084,0.242,0.037,-0.2,0.163,0.249,-0.161,-0.116,0.006,0.515,0.327
-0.158,0.08,0.238,0.039,-0.198,0.159,0.284,-0.123,-0.079,0.032,0.516,0.328
-0.174,0.067,0.242,0.053,-0.208,0.154,0.296,-0.129,-0.094,0.042,0.5,0.313
-0.17,0.069,0.239,0.051,-0.205,0.154,0.294,-0.101,-0.064,0.069,0.501,0.314
-0.185,0.056,0.24,0.065,-0.213,0.148,0.297,-0.101,-0.068,0.054,0.487,0.303
-0.18,0.06,0.241,0.06,-0.211,0.15,0.301,-0.086,-0.049,0.064,0.487,0.306
-0.192,0.045,0.237,0.073,-0.215,0.141,0.297,-0.078,-0.044,0.057,0.483,0.31
-0.182,0.063,0.245,0.059,-0.213,0.154,0.311,-0.064,-0.029,0.072,0.486,0.316
-0.168,0.089,0.256,0.039,-0.212,0.172,0.315,-0.042,-0.007,0.092,0.484,0.315
-0.167,0.088,0.254,0.039,-0.211,0.171,0.32,-0.017,0.022,0.105,0.484,0.312
-0.185,0.079,0.263,0.053,-0.224,0.171,0.339,0.017,0.048,0.127,0.498,0.31
-0.181,0.082,0.263,0.049,-0.222,0.172,0.338,0.039,0.064,0.147,0.495,0.31
-0.146,0.109,0.255,0.018,-0.201,0.182,0.356,0.076,0.1,0.167,0.487,0.306
-0.139,0.112,0.251,0.014,-0.195,0.181,0.372,0.116,0.136,0.184,0.481,0.297
-0.103,0.13,0.233,-0.014,-0.168,0.181,0.389,0.159,0.17,0.206,0.473,0.291
-0.072,0.132,0.204,-0.03,-0.138,0.168,0.4,0.197,0.195,0.218,0.469,0.282
-0.073,0.112,0.185,-0.02,-0.129,0.148,0.406,0.224,0.225,0.222,0.454,0.276
-0.061,0.107,0.168,-0.023,-0.114,0.137,0.417,0.255,0.246,0.217,0.438,0.268
-0.026,0.091,0.116,-0.032,-0.071,0.103,0.422,0.264,0.24,0.208,0.418,0.248
0.008,0.082,0.074,-0.045,-0.033,0.078,0.421,0.275,0.234,0.203,0.392,0.227
0.005,0.063,0.058,-0.034,-0.027,0.061,0.411,0.28,0.229,0.193,0.372,0.207
0.015,0.042,0.027,-0.028,-0.006,0.034,0.404,0.256,0.222,0.189,0.353,0.192
0.018,0.026,0.008,-0.022,0.004,0.017,0.396,0.223,0.196,0.173,0.341,0.182
0.003,0.01,0.007,-0.007,-0.003,0.009,0.388,0.174,0.159,0.143,0.329,0.169
-0.003,0.0,0.003,0.001,-0.003,0.001,0.375,0.125,0.121,0.112,0.314,0.161
-0.023,-0.023,0.0,0.023,-0.011,-0.011,0.357,0.084,0.082,0.088,0.297,0.156
-0.02,-0.025,-0.005,0.023,-0.007,-0.015,0.345,0.061,0.06,0.078,0.286,0.151
-0.025,-0.028,-0.003,0.027,-0.011,-0.015,0.337,0.056,0.052,0.065,0.282,0.147
-0.05,-0.045,0.004,0.047,-0.027,-0.02,0.331,0.049,0.046,0.056,0.279,0.142
-0.048,-0.038,0.011,0.043,-0.029,-0.013,0.323,0.041,0.038,0.055,0.275,0.138
-0.045,-0.028,0.017,0.037,-0.031,-0.005,0.315,0.034,0.03,0.055,0.271,0.135
-0.047,-0.022,0.025,0.034,-0.035,0.001,0.311,0.032,0.027,0.055,0.268,0.135
-0.042,-0.013,0.029,0.028,-0.035,0.007,0.314,0.036,0.03,0.055,0.265,0.135
-0.034,-0.002,0.031,0.018,-0.032,0.014,0.318,0.034,0.033,0.055,0.262,0.135
-0.045,-0.018,0.028,0.032,-0.036,0.005,0.32,0.035,0.035,0.058,0.26,0.135
-0.062,-0.024,0.038,0.043,-0.05,0.007,0.324,0.041,0.039,0.063,0.256,0.131
-0.058,-0.004,0.054,0.03,-0.056,0.025,0.328,0.047,0.045,0.064,0.255,0.125
-0.057,0.0,0.057,0.028,-0.057,0.028,0.34,0.061,0.057,0.059,0.25,0.12
-0.061,0.002,0.064,0.029,-0.063,0.033,0.346,0.065,0.057,0.053,0.242,0.114
-0.054,0.005,0.059,0.024,-0.057,0.032,0.34,0.058,0.049,0.05,0.236,0.109
-0.051,0.002,0.053,0.024,-0.052,0.027,0.338,0.055,0.042,0.045,0.228,0.104
-0.052,-0.003,0.049,0.027,-0.05,0.023,0.333,0.05,0.034,0.041,0.22,0.098
-0.041,-0.001,0.04,0.021,-0.04,0.019,0.33,0.046,0.027,0.036,0.214,0.091
-0.058,-0.014,0.044,0.036,-0.051,0.015,0.326,0.04,0.021,0.03,0.205,0.084
-0.055,-0.006,0.048,0.03,-0.052,0.021,0.319,0.032,0.014,0.025,0.196,0.077
-0.05,-0.01,0.041,0.03,-0.045,0.015,0.312,0.026,0.008,0.019,0.187,0.071
-0.08,-0.046,0.034,0.063,-0.057,-0.005,0.306,0.018,0.001,0.014,0.178,0.066
-0.068,-0.043,0.026,0.055,-0.047,-0.008,0.298,0.01,-0.006,0.008,0.169,0.059
-0.053,-0.034,0.019,0.044,-0.036,-0.007,0.298,0.006,-0.009,0.005,0.163,0.053
-0.046,-0.033,0.013,0.039,-0.029,-0.01,0.306,0.011,-0.004,0.005,0.155,0.045
-0.03,-0.023,0.007,0.026,-0.018,-0.008,0.302,0.015,0.002,0.004,0.149,0.04
-0.026,-0.021,0.004,0.023,-0.015,-0.008,0.299,0.02,0.005,0.006,0.14,0.033
-0.036,-0.037,-0.001,0.036,-0.017,-0.019,0.296,0.015,0.011,0.003,0.135,0.03
-0.051,-0.028,0.023,0.039,-0.037,-0.002,0.296,0.02,0.013,0.018,0.151,0.046
-0.037,0.01,0.047,0.013,-0.042,0.028,0.333,0.062,0.031,0.045,0.165,0.059
0.011,0.043,0.031,-0.027,-0.01,0.037,0.346,0.104,0.069,0.066,0.172,0.068
0.011,0.03,0.019,-0.021,-0.004,0.024,0.305,0.092,0.059,0.059,0.169,0.066
-0.001,0.002,0.003,-0.001,-0.002,0.002,0.255,0.053,0.024,0.026,0.16,0.057
0.038,0.02,-0.017,-0.029,0.027,0.002,0.199,0.016,-0.001,0.01,0.153,0.051
0.046,0.01,-0.036,-0.028,0.041,-0.013,0.171,-0.026,-0.035,-0.02,0.146,0.044
0.034,-0.022,-0.056,-0.006,0.045,-0.039,0.17,-0.052,-0.065,-0.049,0.139,0.038
0.043,-0.012,-0.055,-0.016,0.049,-0.033,0.17,-0.049,-0.048,-0.043,0.131,0.031
0.043,-0.004,-0.047,-0.019,0.045,-0.025,0.17,-0.039,-0.026,-0.043,0.123,0.023
0.006,-0.027,-0.033,0.01,0.02,-0.03,0.169,-0.044,-0.049,-0.039,0.105,0.006
-0.046,-0.079,-0.033,0.062,-0.006,-0.056,0.17,-0.026,-0.045,-0.053,0.069,-0.035
-0.078,-0.1,-0.022,0.089,-0.028,-0.061,0.162,-0.04,-0.055,-0.077,0.055,-0.058
-0.062,-0.084,-0.022,0.074,-0.02,-0.053,0.16,-0.013,-0.033,-0.058,0.062,-0.051
-0.069,-0.082,-0.013,0.076,-0.028,-0.047,0.153,-0.029,-0.053,-0.07,0.043,-0.06
-0.055,-0.061,-0.006,0.059,-0.024,-0.034,0.152,-0.006,-0.028,-0.048,0.06,-0.049
-0.053,-0.068,-0.015,0.061,-0.019,-0.041,0.142,-0.002,-0.03,-0.054,0.032,-0.06
-0.144,-0.07,0.074,0.107,-0.109,0.002,0.191,0.053,0.016,0.005,0.046,-0.064
-0.069,-0.173,-0.104,0.121,0.018,-0.138,0.29,0.418,0.269,0.084,-0.013,-0.146
0.741,-0.092,-0.833,-0.324,0.788,-0.462,-0.024,0.388,0.443,0.158,0.168,-0.028
1.597,0.04,-1.557,-0.819,1.577,-0.759,-0.615,-0.237,0.225,0.01,0.433,0.205
1.118,-0.219,-1.337,-0.449,1.227,-0.778,-0.88,-1.137,-0.788,-0.731,-0.021,-0.038
0.433,-0.055,-0.488,-0.189,0.461,-0.272,-0.658,-1.118,-0.956,-0.713,-0.05,-0.012
0.202,0.22,0.017,-0.211,0.092,0.118,-0.247,-0.399,-0.278,-0.153,0.243,0.215
-0.053,0.12,0.173,-0.033,-0.113,0.146,-0.061,-0.232,-0.183,-0.09,0.154,0.116
-0.087,0.104,0.191,-0.009,-0.14,0.148,0.007,-0.138,-0.098,-0.031,0.148,0.068
-0.141,0.08,0.221,0.03,-0.181,0.15,0.045,-0.106,-0.081,-0.028,0.103,0.037
-0.164,0.07,0.234,0.046,-0.199,0.152,0.036,-0.094,-0.083,-0.024,0.105,0.032
-0.147,0.07,0.217,0.038,-0.182,0.143,0.038,-0.06,-0.06,-0.009,0.108,0.033
-0.163,0.061,0.224,0.051,-0.194,0.142,0.032,-0.063,-0.071,-0.013,0.101,0.023
-0.145,0.064,0.209,0.04,-0.177,0.137,0.03,-0.035,-0.038,0.004,0.11,0.026
-0.162,0.053,0.215,0.055,-0.189,0.133,0.031,-0.038,-0.04,0.002,0.101,0.016
-0.18,0.056,0.236,0.062,-0.208,0.146,0.035,-0.019,-0.018,0.025,0.113,0.018
-0.195,0.046,0.242,0.075,-0.219,0.144,0.036,-0.014,-0.015,0.033,0.108,0.031
-0.199,0.041,0.24,0.079,-0.219,0.14,0.039,0.007,-0.001,0.044,0.111,0.037
-0.167,0.072,0.239,0.048,-0.203,0.155,0.04,0.026,0.017,0.049,0.109,0.033
-0.167,0.089,0.256,0.039,-0.212,0.172,0.043,0.046,0.037,0.061,0.111,0.032
-0.181,0.083,0.264,0.049,-0.223,0.173,0.051,0.072,0.063,0.081,0.107,0.028
-0.165,0.086,0.252,0.039,-0.209,0.169,0.057,0.107,0.094,0.103,0.109,0.037
-0.162,0.084,0.246,0.039,-0.204,0.164,0.065,0.145,0.128,0.126,0.12,0.048
-0.146,0.092,0.238,0.027,-0.193,0.164,0.075,0.184,0.163,0.14,0.109,0.039
-0.117,0.108,0.225,0.005,-0.171,0.166,0.085,0.226,0.201,0.159,0.102,0.028
-0.089,0.111,0.201,-0.011,-0.145,0.155,0.093,0.266,0.228,0.181,0.095,0.023
-0.085,0.094,0.178,-0.005,-0.132,0.136,0.096,0.295,0.245,0.183,0.085,0.004
-0.065,0.081,0.147,-0.008,-0.106,0.114,0.093,0.316,0.268,0.193,0.093,0.007
-0.008,0.096,0.104,-0.044,-0.056,0.1,0.105,0.334,0.277,0.199,0.089,0.01
0.003,0.072,0.068,-0.038,-0.033,0.07,0.105,0.328,0.273,0.188,0.055,-0.023
-0.005,0.036,0.042,-0.016,-0.024,0.039,0.093,0.317,0.277,0.184,0.039,-0.035
0.0,0.026,0.026,-0.013,-0.013,0.026,0.087,0.294,0.261,0.168,0.027,-0.053
-0.009,0.001,0.01,0.004,-0.01,0.005,0.065,0.256,0.219,0.141,0.002,-0.071
-0.018,-0.015,0.003,0.016,-0.01,-0.006,0.035,0.212,0.17,0.099,-0.015,-0.074
-0.024,-0.025,-0.001,0.025,-0.011,-0.013,0.012,0.164,0.121,0.069,-0.03,-0.088
-0.033,-0.039,-0.006,0.036,-0.013,-0.022,-0.007,0.127,0.081,0.06,-0.047,-0.091
-0.033,-0.042,-0.01,0.037,-0.011,-0.026,-0.022,0.094,0.066,0.052,-0.051,-0.089
-0.024,-0.04,-0.015,0.033,-0.005,-0.027,-0.044,0.079,0.063,0.042,-0.046,-0.092
-0.029,-0.04,-0.011,0.035,-0.009,-0.025,-0.061,0.081,0.057,0.036,-0.044,-0.108
-0.032,-0.036,-0.005,0.034,-0.013,-0.021,-0.067,0.078,0.052,0.04,-0.041,-0.11
-0.034,-0.035,0.0,0.034,-0.016,-0.017,-0.074,0.075,0.045,0.04,-0.04,-0.104
-0.041,-0.035,0.006,0.038,-0.023,-0.015,-0.075,0.074,0.043,0.042,-0.04,-0.103
-0.042,-0.03,0.012,0.036,-0.027,-0.009,-0.076,0.078,0.034,0.046,-0.04,-0.096
-0.044,-0.03,0.013,0.037,-0.029,-0.008,-0.081,0.08,0.044,0.045,-0.04,-0.096
-0.042,-0.029,0.013,0.035,-0.027,-0.008,-0.079,0.08,0.07,0.042,-0.041,-0.099
-0.061,-0.025,0.036,0.042,-0.048,0.005,-0.083,0.079,0.07,0.039,-0.039,-0.1
-0.069,-0.025,0.044,0.047,-0.056,0.01,-0.085,0.082,0.07,0.04,-0.045,-0.1
-0.068,-0.028,0.04,0.048,-0.054,0.006,-0.085,0.089,0.07,0.04,-0.055,-0.1
-0.094,-0.03,0.064,0.062,-0.079,0.016,-0.088,0.085,0.07,0.04,-0.055,-0.099
-0.091,-0.03,0.061,0.06,-0.076,0.016,-0.091,0.08,0.068,0.039,-0.054,-0.103
-0.082,-0.034,0.048,0.057,-0.065,0.007,-0.094,0.075,0.058,0.031,-0.059,-0.105
-0.072,-0.035,0.037,0.054,-0.054,0.001,-0.097,0.068,0.053,0.024,-0.07,-0.105
-0.061,-0.035,0.026,0.048,-0.043,-0.004,-0.1,0.064,0.045,0.017,-0.075,-0.112
-0.082,-0.04,0.042,0.061,-0.062,0.001,-0.104,0.057,0.037,0.009,-0.084,-0.12
-0.082,-0.04,0.042,0.061,-0.062,0.001,-0.111,0.052,0.031,0.002,-0.097,-0.123
-0.075,-0.041,0.034,0.057,-0.054,-0.003,-0.117,0.048,0.025,-0.004,-0.104,-0.127
-0.076,-0.046,0.03,0.061,-0.053,-0.008,-0.125,0.041,0.021,-0.008,-0.11,-0.131
-0.066,-0.043,0.023,0.054,-0.044,-0.01,-0.134,0.037,0.019,-0.011,-0.113,-0.128
-0.069,-0.049,0.019,0.059,-0.044,-0.015,-0.136,0.031,0.014,-0.014,-0.119,-0.137
-0.073,-0.06,0.013,0.066,-0.043,-0.023,-0.143,0.03,0.011,-0.019,-0.131,-0.151
-0.063,-0.054,0.009,0.058,-0.035,-0.022,-0.141,0.03,0.007,-0.019,-0.13,-0.145
-0.052,-0.047,0.005,0.049,-0.028,-0.021,-0.134,0.025,0.005,-0.013,-0.127,-0.14
-0.044,-0.043,0.0,0.043,-0.022,-0.021,-0.13,0.025,0.005,-0.006,-0.141,-0.136
-0.029,-0.033,-0.004,0.032,-0.012,-0.019,-0.122,0.026,0.004,-0.003,-0.14,-0.131
-0.005,-0.006,-0.001,0.005,-0.002,-0.003,-0.119,0.065,0.034,0.013,-0.126,-0.127
0.014,0.026,0.012,-0.02,0.001,0.019,-0.092,0.103,0.079,0.039,-0.121,-0.125
0.009,0.024,0.015,-0.017,-0.004,0.02,-0.092,0.09,0.079,0.03,-0.117,-0.125
0.002,0.002,0.0,-0.002,0.001,0.001,-0.156,0.074,0.054,0.012,-0.115,-0.125
0.025,-0.007,-0.032,-0.008,0.029,-0.02,-0.208,0.047,0.022,-0.006,-0.11,-0.124
0.039,-0.017,-0.056,-0.01,0.047,-0.036,-0.233,0.005,-0.017,-0.035,-0.113,-0.127
0.037,-0.028,-0.065,-0.004,0.051,-0.046,-0.238,-0.036,-0.041,-0.058,-0.131,-0.148
0.04,-0.024,-0.064,-0.008,0.052,-0.044,-0.231,-0.056,-0.042,-0.061,-0.13,-0.151
0.022,-0.038,-0.059,0.008,0.041,-0.048,-0.219,-0.043,-0.033,-0.059,-0.128,-0.147
-0.01,-0.059,-0.049,0.034,0.02,-0.054,-0.211,-0.052,-0.04,-0.067,-0.149,-0.165
-0.024,-0.07,-0.046,0.047,0.012,-0.058,-0.201,-0.035,-0.024,-0.062,-0.175,-0.189
-0.043,-0.079,-0.036,0.061,-0.003,-0.057,-0.197,-0.046,-0.037,-0.068,-0.199,-0.207
-0.053,-0.085,-0.032,0.069,-0.011,-0.058,-0.189,-0.033,-0.035,-0.054,-0.19,-0.202
-0.08,-0.107,-0.028,0.094,-0.026,-0.068,-0.181,-0.03,-0.044,-0.065,-0.2,-0.208
-0.064,-0.079,-0.014,0.072,-0.025,-0.046,-0.178,-0.027,-0.028,-0.058,-0.189,-0.202
-0.059,-0.087,-0.028,0.074,-0.016,-0.057,-0.179,0.006,-0.015,-0.043,-0.199,-0.206
-0.147,-0.1,0.047,0.123,-0.096,-0.026,-0.164,0.005,-0.011,-0.004,-0.199,-0.209
-0.145,-0.17,-0.024,0.157,-0.06,-0.097,-0.016,0.332,0.215,0.064,-0.243,-0.275
0.484,-0.163,-0.647,-0.16,0.565,-0.405,-0.203,0.434,0.39,0.102,-0.151,-0.25
1.522,0.029,-1.493,-0.775,1.507,-0.732,-0.804,-0.064,0.323,0.065,0.159,0.003
1.315,-0.183,-1.498,-0.566,1.407,-0.841,-1.156,-0.98,-0.574,-0.601,-0.164,-0.14
0.526,-0.155,-0.681,-0.185,0.604,-0.418,-1.042,-1.259,-1.07,-0.842,-0.362,-0.233
0.263,0.202,-0.062,-0.232,0.162,0.07,-0.62,-0.535,-0.396,-0.257,-0.018,0.05
-0.01,0.156,0.165,-0.074,-0.088,0.161,-0.357,-0.235,-0.161,-0.082,-0.029,0.022
-0.103,0.09,0.193,0.007,-0.149,0.141,-0.294,-0.163,-0.113,-0.051,-0.096,-0.084
-0.152,0.072,0.224,0.04,-0.188,0.148,-0.242,-0.091,-0.061,-0.026,-0.098,-0.09
-0.184,0.053,0.238,0.065,-0.211,0.145,-0.228,-0.099,-0.082,-0.037,-0.104,-0.098
-0.189,0.047,0.236,0.071,-0.213,0.141,-0.213,-0.06,-0.045,-0.015,-0.095,-0.101
-0.235,0.039,0.274,0.097,-0.255,0.157,-0.209,-0.068,-0.062,-0.025,-0.105,-0.108
-0.234,0.028,0.262,0.102,-0.248,0.145,-0.198,-0.039,-0.036,-0.007,-0.096,-0.099
-0.206,0.054,0.259,0.076,-0.233,0.156,-0.192,-0.039,-0.04,-0.011,-0.097,-0.1
-0.177,0.076,0.253,0.05,-0.215,0.164,-0.186,-0.023,-0.022,0.004,-0.114,-0.095
-0.214,0.032,0.246,0.091,-0.23,0.139,-0.179,-0.016,-0.016,0.013,-0.123,-0.094
-0.197,0.05,0.248,0.073,-0.223,0.149,-0.173,-0.003,0.0,0.02,-0.109,-0.09
-0.196,0.06,0.256,0.068,-0.226,0.157,-0.166,0.015,0.025,0.037,-0.104,-0.083
-0.201,0.06,0.261,0.07,-0.231,0.161,-0.16,0.037,0.04,0.055,-0.095,-0.079
-0.169,0.083,0.252,0.043,-0.211,0.167,-0.15,0.068,0.069,0.074,-0.09,-0.072
-0.168,0.083,0.251,0.043,-0.21,0.166,-0.139,0.094,0.094,0.087,-0.089,-0.067
-0.159,0.085,0.244,0.037,-0.202,0.164,-0.127,0.128,0.12,0.102,-0.085,-0.065
-0.146,0.095,0.242,0.025,-0.194,0.168,-0.112,0.167,0.156,0.128,-0.083,-0.065
-0.139,0.094,0.233,0.023,-0.187,0.163,-0.095,0.204,0.187,0.155,-0.079,-0.066
-0.126,0.09,0.216,0.018,-0.171,0.153,-0.087,0.24,0.21,0.161,-0.08,-0.062
-0.111,0.088,0.199,0.012,-0.155,0.143,-0.081,0.271,0.241,0.156,-0.08,-0.07
-0.071,0.085,0.155,-0.007,-0.113,0.12,-0.074,0.284,0.254,0.153,-0.088,-0.091
-0.028,0.083,0.111,-0.028,-0.07,0.097,-0.068,0.306,0.253,0.151,-0.107,-0.103
-0.011,0.072,0.083,-0.031,-0.047,0.078,-0.06,0.329,0.265,0.147,-0.116,-0.11
0.015,0.063,0.048,-0.039,-0.017,0.055,-0.057,0.327,0.268,0.145,-0.127,-0.124
0.027,0.052,0.025,-0.04,0.001,0.038,-0.053,0.301,0.246,0.141,-0.135,-0.133
0.014,0.034,0.02,-0.024,-0.003,0.027,-0.058,0.26,0.215,0.129,-0.149,-0.152
-0.006,0.009,0.015,-0.002,-0.01,0.012,-0.075,0.216,0.179,0.105,-0.173,-0.167
-0.025,-0.016,0.009,0.02,-0.017,-0.003,-0.096,0.169,0.141,0.076,-0.183,-0.164
-0.039,-0.036,0.004,0.037,-0.021,-0.016,-0.112,0.124,0.099,0.048,-0.192,-0.165
-0.044,-0.046,-0.002,0.045,-0.021,-0.023,-0.125,0.095,0.071,0.034,-0.195,-0.165
-0.04,-0.045,-0.005,0.043,-0.017,-0.025,-0.14,0.088,0.064,0.03,-0.188,-0.165
-0.038,-0.045,-0.007,0.041,-0.015,-0.026,-0.14,0.081,0.057,0.025,-0.185,-0.162
-0.034,-0.045,-0.011,0.04,-0.011,-0.027,-0.146,0.073,0.051,0.022,-0.18,-0.157
-0.04,-0.045,-0.006,0.043,-0.016,-0.025,-0.149,0.065,0.044,0.016,-0.175,-0.155
-0.046,-0.043,0.003,0.045,-0.025,-0.019,-0.14,0.061,0.041,0.017,-0.171,-0.15
-0.047,-0.037,0.01,0.042,-0.029,-0.013,-0.135,0.065,0.046,0.021,-0.17,-0.147
-0.053,-0.033,0.02,0.042,-0.036,-0.006,-0.127,0.065,0.049,0.02,-0.17,-0.143
-0.053,-0.028,0.025,0.04,-0.039,-0.002,-0.121,0.067,0.055,0.02,-0.17,-0.14
-0.059,-0.024,0.035,0.041,-0.046,0.005,-0.116,0.07,0.059,0.02,-0.17,-0.137
-0.069,-0.02,0.05,0.044,-0.059,0.015,-0.114,0.07,0.053,0.02,-0.17,-0.135
-0.074,-0.02,0.054,0.047,-0.064,0.017,-0.115,0.067,0.047,0.015,-0.17,-0.132
-0.073,-0.02,0.053,0.046,-0.063,0.016,-0.114,0.061,0.042,0.01,-0.17,-0.129
-0.068,-0.02,0.048,0.044,-0.058,0.014,-0.116,0.056,0.036,0.006,-0.17,-0.134
-0.066,-0.021,0.045,0.043,-0.056,0.011,-0.113,0.052,0.031,0.001,-0.17,-0.135
-0.057,-0.016,0.042,0.036,-0.049,0.013,-0.11,0.047,0.026,-0.003,-0.17,-0.135
-0.064,-0.027,0.038,0.045,-0.051,0.005,-0.109,0.043,0.019,-0.008,-0.169,-0.135
-0.077,-0.042,0.034,0.059,-0.055,-0.004,-0.115,0.039,0.012,-0.016,-0.171,-0.135
-0.076,-0.039,0.037,0.057,-0.056,-0.001,-0.129,0.033,0.006,-0.023,-0.179,-0.144
-0.085,-0.04,0.045,0.062,-0.065,0.002,-0.13,0.03,-0.001,-0.03,-0.181,-0.145
-0.08,-0.04,0.04,0.06,-0.06,0.0,-0.125,0.025,-0.004,-0.038,-0.179,-0.145
-0.075,-0.04,0.035,0.057,-0.055,-0.002,-0.124,0.021,0.0,-0.043,-0.175,-0.145
-0.07,-0.041,0.029,0.055,-0.05,-0.005,-0.12,0.023,0.002,-0.041,-0.175,-0.145
-0.062,-0.039,0.023,0.05,-0.043,-0.008,-0.119,0.026,0.005,-0.039,-0.174,-0.144
-0.063,-0.041,0.021,0.052,-0.042,-0.01,-0.121,0.024,0.009,-0.041,-0.166,-0.137
-0.063,-0.038,0.025,0.05,-0.044,-0.006,-0.118,0.03,0.009,-0.039,-0.158,-0.133
-0.069,-0.043,0.027,0.055,-0.048,-0.008,-0.123,0.03,0.017,-0.041,-0.15,-0.127
-0.054,-0.031,0.023,0.042,-0.038,-0.004,-0.104,0.032,0.027,-0.034,-0.142,-0.121
-0.016,0.028,0.044,-0.006,-0.03,0.035,-0.069,0.081,0.046,0.001,-0.136,-0.116
0.022,0.065,0.043,-0.044,-0.011,0.054,-0.062,0.097,0.057,0.017,-0.135,-0.111
0.029,0.061,0.032,-0.045,-0.002,0.046,-0.07,0.075,0.044,0.004,-0.135,-0.109
0.038,0.047,0.009,-0.043,0.014,0.028,-0.119,0.059,0.029,-0.007,-0.135,-0.106
0.062,0.038,-0.024,-0.049,0.043,0.006,-0.171,0.02,0.001,-0.027,-0.135,-0.104
0.052,0.029,-0.023,-0.041,0.038,0.003,-0.182,-0.021,-0.036,-0.05,-0.135,-0.099
0.064,0.02,-0.044,-0.042,0.053,-0.012,-0.176,-0.051,-0.063,-0.07,-0.141,-0.102
0.056,0.01,-0.046,-0.033,0.051,-0.018,-0.162,-0.049,-0.059,-0.069,-0.139,-0.105
0.01,-0.015,-0.026,0.003,0.018,-0.02,-0.149,-0.04,-0.06,-0.07,-0.146,-0.105
-0.013,-0.034,-0.021,0.023,0.004,-0.027,-0.136,-0.043,-0.059,-0.072,-0.144,-0.111
-0.049,-0.066,-0.017,0.058,-0.016,-0.042,-0.121,-0.027,-0.05,-0.069,-0.141,-0.116
-0.075,-0.087,-0.012,0.082,-0.031,-0.05,-0.118,-0.038,-0.063,-0.073,-0.136,-0.115
-0.07,-0.082,-0.012,0.076,-0.029,-0.046,-0.106,-0.015,-0.038,-0.056,-0.123,-0.114
-0.079,-0.083,-0.003,0.081,-0.038,-0.042,-0.105,-0.031,-0.057,-0.072,-0.128,-0.117
-0.072,-0.074,-0.002,0.074,-0.035,-0.038,-0.094,-0.008,-0.024,-0.042,-0.104,-0.113
-0.108,-0.078,0.031,0.093,-0.069,-0.023,-0.091,-0.014,-0.036,-0.068,-0.122,-0.112
-0.16,-0.086,0.073,0.123,-0.116,-0.006,-0.014,0.094,0.055,-0.016,-0.129,-0.125
-0.013,-0.23,-0.217,0.122,0.102,-0.224,0.09,0.437,0.261,0.043,-0.223,-0.235
0.924,-0.113,-1.037,-0.405,0.98,-0.575,-0.298,0.331,0.383,0.062,0.037,-0.067
1.626,0.059,-1.568,-0.842,1.597,-0.754,-0.833,-0.372,0.079,-0.097,0.285,0.189
0.879,-0.156,-1.035,-0.361,0.957,-0.595,-0.987,-1.218,-0.915,-0.752,-0.157,0.009
0.288,0.036,-0.252,-0.162,0.27,-0.108,-0.785,-1.067,-0.903,-0.641,-0.095,0.068
0.13,0.247,0.117,-0.189,0.007,0.182,-0.401,-0.383,-0.276,-0.14,0.153,0.222
-0.091,0.119,0.21,-0.014,-0.151,0.165,-0.225,-0.237,-0.213,-0.116,0.05,0.118
-0.121,0.09,0.212,0.015,-0.166,0.151,-0.168,-0.16,-0.13,-0.052,0.062,0.085
-0.178,0.071,0.249,0.053,-0.213,0.16,-0.131,-0.139,-0.13,-0.061,0.043,0.071
-0.159,0.082,0.241,0.038,-0.2,0.161,-0.131,-0.125,-0.114,-0.045,0.051,0.076
-0.158,0.077,0.235,0.041,-0.197,0.156,-0.116,-0.105,-0.102,-0.032,0.046,0.076
-0.165,0.07,0.235,0.047,-0.2,0.152,-0.113,-0.106,-0.104,-0.032,0.042,0.075
-0.152,0.072,0.224,0.04,-0.188,0.148,-0.103,-0.089,-0.084,-0.015,0.051,0.091
-0.167,0.061,0.228,0.053,-0.198,0.144,-0.099,-0.092,-0.089,-0.02,0.05,0.099
-0.159,0.073,0.231,0.043,-0.195,0.152,-0.093,-0.078,-0.069,-0.002,0.067,0.109
-0.166,0.066,0.232,0.05,-0.199,0.149,-0.09,-0.076,-0.069,-0.006,0.081,0.117
-0.177,0.071,0.248,0.053,-0.213,0.159,-0.085,-0.057,-0.054,0.016,0.092,0.126
-0.158,0.096,0.254,0.031,-0.206,0.175,-0.081,-0.042,-0.039,0.044,0.103,0.147
-0.163,0.082,0.245,0.04,-0.204,0.163,-0.073,-0.025,-0.018,0.051,0.117,0.16
-0.14,0.102,0.242,0.019,-0.191,0.172,-0.058,-0.009,0.003,0.062,0.14,0.171
-0.103,0.131,0.234,-0.015,-0.169,0.183,-0.045,0.015,0.037,0.081,0.157,0.188
-0.109,0.122,0.231,-0.007,-0.171,0.176,-0.035,0.054,0.072,0.1,0.165,0.189
-0.097,0.124,0.221,-0.014,-0.159,0.172,-0.027,0.08,0.088,0.116,0.171,0.187
-0.091,0.119,0.209,-0.014,-0.15,0.164,-0.018,0.111,0.119,0.137,0.169,0.184
-0.072,0.121,0.193,-0.025,-0.132,0.157,-0.01,0.144,0.143,0.14,0.17,0.181
-0.043,0.113,0.156,-0.035,-0.1,0.135,-0.005,0.161,0.152,0.142,0.17,0.178
-0.027,0.097,0.124,-0.035,-0.076,0.111,0.0,0.176,0.165,0.159,0.169,0.175
-0.009,0.086,0.095,-0.039,-0.052,0.09,0.006,0.19,0.162,0.155,0.166,0.174
0.015,0.074,0.06,-0.045,-0.023,0.067,0.012,0.194,0.156,0.15,0.163,0.167
0.026,0.07,0.044,-0.048,-0.01,0.056,0.016,0.186,0.153,0.145,0.161,0.162
0.013,0.053,0.04,-0.033,-0.014,0.046,0.023,0.183,0.148,0.138,0.157,0.157
-0.002,0.033,0.035,-0.016,-0.019,0.034,0.021,0.165,0.142,0.134,0.155,0.151
-0.015,0.016,0.032,-0.001,-0.024,0.024,0.015,0.125,0.115,0.107,0.157,0.146
-0.019,0.006,0.025,0.006,-0.022,0.016,0.01,0.085,0.08,0.084,0.161,0.147
-0.033,-0.005,0.028,0.019,-0.03,0.011,0.004,0.053,0.049,0.078,0.159,0.154
-0.04,-0.011,0.03,0.026,-0.035,0.009,-0.001,0.032,0.032,0.071,0.161,0.153
-0.046,-0.015,0.031,0.03,-0.038,0.008,-0.007,0.022,0.022,0.063,0.159,0.161
-0.078,-0.043,0.035,0.06,-0.056,-0.004,-0.01,0.018,0.009,0.055,0.161,0.18
-0.081,-0.046,0.035,0.063,-0.058,-0.005,-0.012,0.013,0.001,0.052,0.177,0.184
-0.07,-0.031,0.039,0.05,-0.055,0.004,-0.015,0.006,0.0,0.055,0.186,0.187
-0.067,-0.024,0.043,0.045,-0.055,0.01,-0.018,0.001,0.0,0.056,0.192,0.198
-0.064,-0.013,0.051,0.038,-0.057,0.018,-0.021,0.003,0.0,0.054,0.203,0.206
-0.064,-0.008,0.056,0.036,-0.06,0.024,-0.016,0.006,-0.001,0.063,0.223,0.222
-0.056,-0.002,0.054,0.029,-0.055,0.026,-0.009,0.009,0.002,0.071,0.235,0.24
-0.059,0.001,0.061,0.029,-0.06,0.031,-0.002,0.012,0.005,0.07,0.235,0.239
-0.074,0.005,0.079,0.034,-0.077,0.042,0.004,0.015,0.005,0.069,0.234,0.241
-0.076,0.008,0.084,0.034,-0.08,0.046,0.012,0.014,0.005,0.065,0.237,0.245
-0.062,0.013,0.075,0.024,-0.069,0.044,0.014,0.009,0.001,0.065,0.256,0.244
-0.056,0.014,0.07,0.021,-0.063,0.041,0.01,0.004,-0.005,0.063,0.261,0.247
-0.051,0.011,0.062,0.02,-0.057,0.036,0.007,-0.001,-0.01,0.056,0.259,0.251
-0.057,0.0,0.056,0.028,-0.057,0.028,0.005,-0.005,-0.015,0.051,0.266,0.252
-0.042,0.008,0.051,0.017,-0.047,0.029,0.001,-0.01,-0.022,0.046,0.264,0.257
-0.023,0.022,0.045,0.001,-0.034,0.033,0.0,-0.014,-0.024,0.039,0.267,0.264
-0.054,-0.014,0.04,0.034,-0.047,0.013,0.004,-0.024,-0.03,0.036,0.27,0.266
-0.063,-0.028,0.034,0.045,-0.048,0.003,0.005,-0.029,-0.036,0.038,0.27,0.264
-0.046,-0.017,0.028,0.031,-0.037,0.005,0.005,-0.024,-0.034,0.047,0.275,0.261
-0.043,-0.018,0.026,0.03,-0.034,0.004,0.01,-0.023,-0.034,0.05,0.275,0.259
-0.041,-0.009,0.031,0.025,-0.036,0.011,0.01,-0.017,-0.028,0.048,0.278,0.261
-0.037,-0.009,0.029,0.023,-0.033,0.01,0.012,-0.017,-0.032,0.043,0.285,0.269
-0.032,0.005,0.037,0.013,-0.034,0.021,0.044,0.0,-0.016,0.054,0.308,0.289
-0.006,0.045,0.051,-0.02,-0.028,0.048,0.076,0.041,0.015,0.095,0.34,0.311
0.015,0.057,0.042,-0.037,-0.014,0.049,0.076,0.06,0.008,0.101,0.352,0.322
0.013,0.049,0.036,-0.031,-0.012,0.042,0.046,0.044,-0.004,0.084,0.355,0.325
0.017,0.046,0.029,-0.032,-0.006,0.037,0.001,-0.001,-0.021,0.071,0.354,0.325
0.021,0.041,0.02,-0.031,0.001,0.03,-0.036,-0.045,-0.047,0.045,0.358,0.325
0.042,0.037,-0.005,-0.039,0.023,0.016,-0.056,-0.074,-0.07,0.036,0.361,0.325
0.06,0.031,-0.029,-0.045,0.044,0.001,-0.05,-0.088,-0.089,0.02,0.358,0.324
0.042,0.016,-0.027,-0.029,0.034,-0.005,-0.031,-0.076,-0.082,0.034,0.379,0.332
0.017,-0.002,-0.019,-0.007,0.018,-0.01,-0.018,-0.075,-0.087,0.048,0.387,0.327
-0.015,-0.028,-0.013,0.022,-0.001,-0.02,-0.006,-0.071,-0.084,0.046,0.385,0.325
-0.061,-0.068,-0.007,0.065,-0.027,-0.037,0.006,-0.062,-0.084,0.037,0.372,0.318
-0.071,-0.07,0.002,0.071,-0.036,-0.034,0.013,-0.067,-0.085,0.033,0.372,0.315
-0.079,-0.077,0.003,0.078,-0.04,-0.037,0.029,-0.042,-0.066,0.029,0.36,0.312
-0.096,-0.08,0.016,0.088,-0.056,-0.032,0.035,-0.056,-0.08,0.021,0.356,0.3
-0.089,-0.078,0.01,0.083,-0.05,-0.034,0.035,-0.022,-0.044,0.042,0.355,0.298
-0.12,-0.081,0.039,0.101,-0.08,-0.021,0.043,-0.037,-0.071,0.026,0.335,0.267
-0.161,-0.115,0.046,0.138,-0.103,-0.034,0.164,0.141,0.073,0.12,0.339,0.24
0.119,-0.261,-0.38,0.071,0.25,-0.321,0.206,0.499,0.321,0.142,0.278,0.149
1.153,-0.019,-1.172,-0.567,1.162,-0.595,-0.228,0.318,0.501,0.274,0.667,0.431
1.528,0.139,-1.39,-0.833,1.459,-0.625,-0.702,-0.517,0.003,0.033,0.833,0.663
0.667,-0.078,-0.745,-0.294,0.706,-0.411,-0.806,-1.288,-1.011,-0.667,0.411,0.41
0.217,0.131,-0.086,-0.174,0.151,0.023,-0.569,-0.948,-0.78,-0.418,0.506,0.505
0.069,0.248,0.179,-0.159,-0.055,0.213,-0.209,-0.354,-0.251,-0.027,0.612,0.575
-0.098,0.114,0.213,-0.008,-0.156,0.163,-0.078,-0.254,-0.209,-0.021,0.531,0.455
-0.122,0.098,0.22,0.012,-0.172,0.159,-0.038,-0.178,-0.122,0.049,0.543,0.444
-0.141,0.107,0.248,0.017,-0.195,0.177,-0.002,-0.17,-0.146,0.041,0.516,0.424
-0.128,0.107,0.235,0.01,-0.182,0.171,0.02,-0.146,-0.118,0.063,0.525,0.436
-0.151,0.081,0.232,0.035,-0.192,0.156,0.047,-0.137,-0.122,0.051,0.508,0.421
-0.142,0.081,0.223,0.03,-0.183,0.152,0.043,-0.13,-0.113,0.056,0.507,0.421
-0.139,0.075,0.214,0.032,-0.177,0.144,0.047,-0.116,-0.104,0.056,0.508,0.413
-0.143,0.073,0.216,0.035,-0.18,0.144,0.049,-0.113,-0.103,0.054,0.509,0.41
-0.155,0.069,0.223,0.043,-0.189,0.146,0.049,-0.099,-0.082,0.067,0.514,0.416
-0.171,0.065,0.236,0.053,-0.204,0.15,0.052,-0.095,-0.078,0.074,0.514,0.414
-0.173,0.068,0.241,0.053,-0.207,0.154,0.053,-0.081,-0.056,0.09,0.517,0.42
-0.165,0.074,0.24,0.046,-0.203,0.157,0.061,-0.069,-0.039,0.101,0.519,0.419
-0.163,0.074,0.237,0.044,-0.2,0.155,0.067,-0.045,-0.018,0.122,0.524,0.423
-0.149,0.085,0.234,0.031,-0.192,0.159,0.081,-0.018,0.002,0.14,0.537,0.426
-0.143,0.092,0.236,0.025,-0.19,0.164,0.102,0.009,0.026,0.16,0.546,0.429
-0.14,0.088,0.228,0.026,-0.184,0.157,0.113,0.042,0.062,0.18,0.539,0.429
-0.105,0.113,0.219,-0.004,-0.162,0.165,0.126,0.079,0.096,0.199,0.535,0.42
-0.1,0.104,0.204,-0.002,-0.152,0.154,0.134,0.114,0.124,0.211,0.531,0.414
-0.056,0.115,0.17,-0.03,-0.113,0.142,0.161,0.145,0.151,0.227,0.527,0.407
-0.018,0.124,0.142,-0.053,-0.08,0.133,0.179,0.162,0.165,0.231,0.521,0.398
-0.024,0.089,0.113,-0.033,-0.069,0.101,0.173,0.177,0.173,0.226,0.505,0.393
-0.017,0.065,0.082,-0.024,-0.05,0.073,0.176,0.183,0.168,0.225,0.489,0.379
-0.001,0.043,0.044,-0.021,-0.023,0.043,0.174,0.178,0.16,0.22,0.473,0.356
0.015,0.028,0.013,-0.022,0.001,0.02,0.175,0.168,0.153,0.22,0.457,0.342
0.005,0.013,0.008,-0.009,-0.002,0.01,0.171,0.155,0.146,0.209,0.441,0.332
-0.004,0.001,0.005,0.001,-0.004,0.003,0.164,0.144,0.138,0.185,0.43,0.319
-0.012,-0.01,0.002,0.011,-0.006,-0.004,0.161,0.111,0.106,0.162,0.419,0.311
-0.016,-0.019,-0.003,0.018,-0.007,-0.011,0.154,0.07,0.073,0.143,0.407,0.307
-0.021,-0.026,-0.005,0.024,-0.008,-0.016,0.149,0.039,0.053,0.127,0.4,0.304
-0.032,-0.032,0.0,0.032,-0.016,-0.016,0.144,0.027,0.044,0.112,0.395,0.301
-0.047,-0.042,0.005,0.044,-0.026,-0.018,0.145,0.023,0.043,0.11,0.39,0.296
-0.056,-0.046,0.009,0.051,-0.032,-0.018,0.145,0.017,0.039,0.11,0.386,0.296
-0.066,-0.052,0.014,0.059,-0.04,-0.019,0.145,0.011,0.037,0.107,0.381,0.3
-0.064,-0.046,0.018,0.055,-0.041,-0.013,0.145,0.006,0.035,0.104,0.377,0.299
-0.034,-0.011,0.022,0.023,-0.028,0.005,0.144,0.008,0.035,0.106,0.374,0.306
-0.059,-0.032,0.027,0.045,-0.043,-0.003,0.158,0.011,0.035,0.109,0.375,0.31
-0.084,-0.055,0.029,0.069,-0.056,-0.013,0.166,0.014,0.035,0.122,0.371,0.305
-0.079,-0.042,0.036,0.06,-0.057,-0.003,0.164,0.017,0.035,0.136,0.369,0.303
-0.08,-0.042,0.038,0.061,-0.058,-0.002,0.169,0.02,0.035,0.13,0.37,0.298
-0.064,-0.033,0.031,0.048,-0.047,-0.001,0.17,0.019,0.034,0.125,0.363,0.295
-0.055,-0.029,0.026,0.042,-0.04,-0.001,0.169,0.014,0.029,0.121,0.352,0.291
-0.044,-0.024,0.02,0.034,-0.032,-0.001,0.166,0.011,0.026,0.116,0.342,0.284
-0.033,-0.019,0.014,0.026,-0.024,-0.002,0.163,0.008,0.023,0.112,0.332,0.278
-0.06,-0.035,0.025,0.047,-0.042,-0.005,0.161,0.003,0.018,0.104,0.322,0.27
-0.076,-0.041,0.035,0.058,-0.056,-0.003,0.157,0.0,0.015,0.098,0.312,0.264
-0.067,-0.04,0.027,0.053,-0.047,-0.006,0.155,-0.005,0.01,0.09,0.302,0.258
-0.061,-0.04,0.021,0.05,-0.041,-0.009,0.152,-0.013,0.002,0.082,0.292,0.251
-0.054,-0.04,0.014,0.047,-0.034,-0.012,0.15,-0.019,-0.004,0.076,0.282,0.244
-0.048,-0.04,0.007,0.044,-0.027,-0.016,0.15,-0.027,-0.012,0.07,0.273,0.237
-0.041,-0.038,0.003,0.039,-0.022,-0.018,0.147,-0.035,-0.02,0.067,0.261,0.229
-0.05,-0.054,-0.004,0.052,-0.023,-0.029,0.143,-0.038,-0.024,0.063,0.25,0.222
-0.05,-0.059,-0.009,0.054,-0.02,-0.033,0.147,-0.033,-0.018,0.06,0.238,0.223
-0.035,-0.05,-0.015,0.042,-0.01,-0.032,0.148,-0.027,-0.01,0.055,0.227,0.225
-0.027,-0.047,-0.02,0.037,-0.003,-0.033,0.153,-0.022,-0.005,0.057,0.22,0.225
-0.031,-0.039,-0.007,0.035,-0.012,-0.023,0.153,-0.016,0.004,0.065,0.22,0.225
-0.045,-0.036,0.009,0.04,-0.026,-0.014,0.162,-0.005,0.006,0.069,0.218,0.225
-0.029,-0.006,0.023,0.017,-0.026,0.009,0.206,0.021,0.027,0.1,0.214,0.224
0.011,0.041,0.03,-0.026,-0.01,0.035,0.22,0.048,0.046,0.119,0.215,0.216
0.013,0.027,0.014,-0.02,0.0,0.02,0.193,0.052,0.03,0.1,0.212,0.209
0.001,-0.007,-0.008,0.004,0.005,-0.008,0.149,0.018,0.021,0.085,0.204,0.202
0.019,-0.004,-0.023,-0.007,0.021,-0.013,0.107,-0.03,0.002,0.059,0.195,0.193
0.029,-0.005,-0.034,-0.012,0.032,-0.019,0.086,-0.063,-0.016,0.04,0.189,0.189
0.041,-0.017,-0.059,-0.012,0.05,-0.038,0.074,-0.086,-0.027,0.032,0.18,0.179
0.051,-0.009,-0.06,-0.021,0.056,-0.034,0.092,-0.086,-0.041,0.026,0.17,0.172
0.027,-0.02,-0.047,-0.003,0.037,-0.034,0.109,-0.077,-0.045,0.019,0.154,0.162
-0.017,-0.055,-0.038,0.036,0.011,-0.046,0.121,-0.085,-0.05,0.008,0.141,0.154
-0.045,-0.081,-0.035,0.063,-0.005,-0.058,0.15,-0.067,-0.038,0.01,0.126,0.146
-0.067,-0.094,-0.027,0.08,-0.02,-0.06,0.148,-0.083,-0.055,0.005,0.105,0.133
-0.076,-0.101,-0.025,0.089,-0.026,-0.063,0.152,-0.058,-0.033,0.022,0.103,0.133
-0.059,-0.076,-0.017,0.068,-0.021,-0.046,0.148,-0.07,-0.057,0.007,0.079,0.11
-0.068,-0.076,-0.008,0.072,-0.03,-0.042,0.151,-0.053,-0.032,0.032,0.089,0.12
-0.126,-0.118,0.008,0.122,-0.066,-0.055,0.148,-0.043,-0.029,0.015,0.054,0.092
-0.152,-0.086,0.066,0.118,-0.109,-0.01,0.195,0.004,0.009,0.061,0.061,0.076
-0.05,-0.172,-0.122,0.111,0.037,-0.147,0.335,0.41,0.291,0.178,0.028,0.024
0.69,-0.09,-0.78,-0.3,0.735,-0.435,0.048,0.414,0.487,0.231,0.209,0.134
1.554,0.056,-1.498,-0.805,1.525,-0.721,-0.559,-0.22,0.301,0.113,0.504,0.384
1.14,-0.194,-1.334,-0.472,1.237,-0.764,-0.832,-1.117,-0.707,-0.588,0.084,0.168
0.455,-0.062,-0.517,-0.196,0.486,-0.29,-0.62,-1.156,-0.966,-0.656,-0.011,0.154
0.226,0.226,0.0,-0.226,0.113,0.112,-0.2,-0.438,-0.301,-0.107,0.267,0.332
-0.049,0.13,0.179,-0.04,-0.114,0.154,0.002,-0.262,-0.187,-0.032,0.176,0.244
-0.11,0.089,0.199,0.011,-0.155,0.144,0.074,-0.181,-0.109,0.013,0.154,0.221
-0.172,0.051,0.223,0.06,-0.197,0.137,0.11,-0.133,-0.088,0.023,0.124,0.182
-0.192,0.043,0.235,0.075,-0.214,0.138,0.112,-0.131,-0.091,0.031,0.122,0.177
-0.17,0.056,0.226,0.057,-0.198,0.141,0.133,-0.099,-0.062,0.044,0.125,0.173
-0.216,0.023,0.238,0.096,-0.227,0.13,0.128,-0.11,-0.073,0.026,0.113,0.159
-0.189,0.043,0.232,0.072,-0.21,0.137,0.153,-0.082,-0.045,0.056,0.12,0.159
-0.208,0.03,0.238,0.088,-0.223,0.134,0.167,-0.081,-0.053,0.062,0.109,0.147
-0.205,0.035,0.24,0.085,-0.223,0.137,0.164,-0.058,-0.034,0.07,0.114,0.153
-0.194,0.051,0.245,0.071,-0.22,0.148,0.166,-0.049,-0.033,0.069,0.105,0.148
-0.203,0.042,0.245,0.08,-0.225,0.143,0.164,-0.026,-0.013,0.074,0.106,0.151
-0.189,0.055,0.245,0.066,-0.217,0.15,0.165,-0.002,0.009,0.088,0.101,0.15
-0.188,0.057,0.246,0.065,-0.217,0.151,0.171,0.02,0.025,0.101,0.1,0.15
-0.177,0.067,0.244,0.055,-0.211,0.155,0.193,0.051,0.053,0.118,0.097,0.151
-0.164,0.082,0.247,0.04,-0.206,0.165,0.202,0.082,0.082,0.134,0.094,0.148
-0.154,0.089,0.243,0.032,-0.198,0.165,0.218,0.128,0.118,0.156,0.095,0.154
-0.169,0.093,0.262,0.037,-0.215,0.177,0.24,0.168,0.155,0.175,0.09,0.158
-0.159,0.094,0.253,0.032,-0.207,0.174,0.251,0.213,0.194,0.199,0.09,0.149
-0.122,0.088,0.209,0.017,-0.166,0.148,0.27,0.259,0.237,0.227,0.089,0.14
-0.1,0.081,0.181,0.009,-0.141,0.131,0.278,0.284,0.256,0.225,0.078,0.132
-0.065,0.073,0.138,-0.005,-0.102,0.106,0.289,0.306,0.264,0.217,0.065,0.111
-0.043,0.069,0.111,-0.014,-0.077,0.09,0.3,0.323,0.275,0.21,0.053,0.094
-0.028,0.051,0.079,-0.012,-0.054,0.065,0.304,0.323,0.272,0.202,0.031,0.069
-0.022,0.019,0.04,0.001,-0.031,0.029,0.302,0.319,0.264,0.196,-0.005,0.033
-0.022,0.005,0.027,0.009,-0.025,0.016,0.286,0.304,0.247,0.179,-0.03,0.033
-0.009,0.0,0.009,0.004,-0.009,0.004,0.272,0.259,0.212,0.153,-0.03,0.023
-0.012,-0.008,0.005,0.009,-0.008,-0.001,0.255,0.204,0.165,0.117,-0.028,0.003
-0.024,-0.022,0.003,0.023,-0.013,-0.009,0.239,0.154,0.115,0.086,-0.05,0.0
-0.04,-0.041,-0.001,0.04,-0.019,-0.021,0.223,0.108,0.08,0.062,-0.063,-0.007
-0.046,-0.049,-0.003,0.048,-0.021,-0.026,0.209,0.083,0.063,0.045,-0.069,-0.01
-0.039,-0.045,-0.006,0.043,-0.016,-0.026,0.203,0.067,0.058,0.029,-0.077,-0.015
-0.04,-0.041,-0.001,0.041,-0.019,-0.021,0.196,0.052,0.05,0.019,-0.074,-0.02
-0.032,-0.032,0.0,0.032,-0.016,-0.016,0.188,0.05,0.045,0.02,-0.075,-0.017
-0.032,-0.033,-0.001,0.032,-0.016,-0.016,0.181,0.05,0.037,0.02,-0.075,-0.011
-0.014,-0.014,0.001,0.014,-0.007,-0.006,0.174,0.05,0.032,0.02,-0.075,-0.006
-0.018,-0.019,-0.001,0.018,-0.008,-0.01,0.169,0.049,0.03,0.02,-0.075,-0.003
-0.053,-0.052,0.002,0.052,-0.028,-0.025,0.163,0.051,0.029,0.022,-0.077,0.003
-0.048,-0.04,0.008,0.044,-0.028,-0.016,0.16,0.048,0.042,0.031,-0.085,0.004
-0.048,-0.029,0.019,0.038,-0.033,-0.005,0.155,0.057,0.04,0.036,-0.089,-0.004
-0.033,-0.008,0.025,0.02,-0.029,0.009,0.151,0.082,0.051,0.032,-0.09,-0.011
-0.031,0.003,0.034,0.014,-0.032,0.018,0.145,0.085,0.061,0.03,-0.093,-0.018
-0.063,-0.007,0.056,0.034,-0.059,0.024,0.135,0.078,0.051,0.026,-0.095,-0.026
-0.063,-0.008,0.054,0.035,-0.058,0.023,0.127,0.075,0.048,0.025,-0.097,-0.033
-0.061,-0.017,0.044,0.039,-0.053,0.014,0.118,0.069,0.041,0.033,-0.102,-0.039
-0.06,-0.02,0.039,0.04,-0.049,0.009,0.108,0.066,0.036,0.03,-0.105,-0.046
-0.056,-0.026,0.029,0.041,-0.042,0.001,0.095,0.06,0.03,0.02,-0.111,-0.05
-0.051,-0.023,0.027,0.037,-0.038,0.002,0.077,0.052,0.022,0.013,-0.133,-0.053
-0.057,-0.027,0.03,0.042,-0.043,0.001,0.065,0.046,0.014,0.005,-0.141,-0.072
-0.068,-0.038,0.03,0.053,-0.049,-0.004,0.055,0.038,0.006,0.0,-0.139,-0.083
-0.073,-0.041,0.032,0.057,-0.053,-0.004,0.045,0.03,-0.001,-0.008,-0.149,-0.084
-0.076,-0.04,0.036,0.057,-0.056,-0.002,0.035,0.025,-0.006,-0.014,-0.15,-0.09
-0.072,-0.038,0.035,0.054,-0.053,-0.001,0.025,0.025,-0.011,-0.021,-0.151,-0.093
-0.07,-0.039,0.031,0.054,-0.05,-0.004,0.015,0.024,-0.015,-0.028,-0.149,-0.098
-0.032,-0.013,0.019,0.022,-0.025,0.003,0.005,0.029,-0.02,-0.03,-0.158,-0.1
-0.055,-0.044,0.011,0.049,-0.033,-0.016,-0.007,0.035,-0.025,-0.035,-0.169,-0.1
-0.065,-0.066,-0.001,0.066,-0.032,-0.033,-0.017,0.024,-0.018,-0.039,-0.164,-0.105
-0.01,-0.02,-0.011,0.015,0.001,-0.015,0.002,0.034,0.004,-0.013,-0.158,-0.105
-0.026,-0.011,0.015,0.019,-0.021,0.002,0.027,0.083,0.036,0.021,-0.153,-0.105
-0.017,0.018,0.034,-0.001,-0.026,0.026,0.024,0.122,0.061,0.021,-0.147,-0.105
0.011,0.032,0.02,-0.022,-0.005,0.026,-0.003,0.115,0.058,0.004,-0.142,-0.105
0.021,0.018,-0.003,-0.02,0.012,0.008,-0.063,0.063,0.038,-0.002,-0.16,-0.107
0.047,0.016,-0.032,-0.031,0.039,-0.008,-0.112,0.012,0.006,-0.025,-0.166,-0.11
0.063,0.006,-0.057,-0.034,0.06,-0.025,-0.124,-0.016,-0.03,-0.047,-0.175,-0.111
0.046,-0.005,-0.052,-0.02,0.049,-0.028,-0.125,-0.045,-0.063,-0.053,-0.2,-0.116
0.023,-0.016,-0.039,-0.003,0.031,-0.027,-0.121,-0.046,-0.065,-0.048,-0.183,-0.115
0.003,-0.028,-0.031,0.013,0.017,-0.03,-0.117,-0.038,-0.064,-0.051,-0.194,-0.121
-0.035,-0.056,-0.021,0.046,-0.007,-0.038,-0.117,-0.043,-0.068,-0.064,-0.231,-0.148
-0.067,-0.084,-0.017,0.076,-0.025,-0.05,-0.111,-0.025,-0.059,-0.07,-0.244,-0.177
-0.068,-0.091,-0.023,0.08,-0.022,-0.057,-0.113,-0.04,-0.074,-0.086,-0.255,-0.174
-0.05,-0.096,-0.046,0.073,-0.002,-0.07,-0.106,-0.014,-0.047,-0.079,-0.262,-0.166
-0.078,-0.097,-0.019,0.088,-0.029,-0.058,-0.111,-0.034,-0.068,-0.089,-0.272,-0.192
-0.069,-0.09,-0.021,0.08,-0.023,-0.055,-0.101,-0.006,-0.033,-0.067,-0.26,-0.197
-0.082,-0.104,-0.022,0.093,-0.03,-0.062,-0.109,-0.02,-0.051,-0.086,-0.281,-0.204
-0.142,-0.093,0.049,0.117,-0.095,-0.022,-0.064,0.066,0.019,-0.029,-0.275,-0.207
-0.029,-0.191,-0.162,0.11,0.067,-0.176,0.048,0.445,0.271,0.064,-0.339,-0.292
0.814,-0.094,-0.908,-0.359,0.861,-0.501,-0.309,0.361,0.419,0.131,-0.112,-0.151
1.607,0.0,-1.607,-0.804,1.607,-0.803,-0.9,-0.31,0.151,-0.074,0.092,0.042
1.054,-0.238,-1.292,-0.408,1.173,-0.765,-1.117,-1.182,-0.865,-0.794,-0.369,-0.205
0.424,-0.029,-0.453,-0.197,0.438,-0.241,-0.872,-1.068,-0.925,-0.695,-0.347,-0.154
0.187,0.213,0.025,-0.2,0.081,0.119,-0.46,-0.362,-0.273,-0.166,-0.076,0.047
-0.085,0.105,0.191,-0.01,-0.138,0.147,-0.294,-0.222,-0.21,-0.125,-0.162,-0.036
-0.123,0.071,0.194,0.025,-0.159,0.133,-0.228,-0.128,-0.119,-0.067,-0.175,-0.088
-0.157,0.057,0.213,0.05,-0.185,0.135,-0.193,-0.108,-0.112,-0.071,-0.207,-0.109
-0.162,0.061,0.223,0.05,-0.192,0.142,-0.192,-0.095,-0.097,-0.056,-0.197,-0.11
-0.164,0.053,0.218,0.055,-0.191,0.135,-0.179,-0.071,-0.079,-0.046,-0.199,-0.122
-0.171,0.051,0.222,0.06,-0.197,0.136,-0.178,-0.075,-0.083,-0.047,-0.218,-0.12
-0.171,0.048,0.22,0.061,-0.196,0.134,-0.167,-0.05,-0.057,-0.031,-0.215,-0.119
-0.196,0.043,0.24,0.077,-0.219,0.141,-0.165,-0.053,-0.062,-0.034,-0.213,-0.121
-0.193,0.047,0.24,0.073,-0.217,0.143,-0.157,-0.034,-0.04,-0.02,-0.204,-0.119
-0.2,0.04,0.24,0.08,-0.22,0.139,-0.151,-0.026,-0.038,-0.018,-0.201,-0.117
-0.199,0.041,0.241,0.079,-0.22,0.141,-0.144,0.002,-0.017,-0.003,-0.194,-0.114
-0.202,0.037,0.239,0.082,-0.22,0.138,-0.137,0.022,0.001,0.006,-0.19,-0.115
-0.186,0.055,0.241,0.065,-0.213,0.148,-0.132,0.049,0.023,0.03,-0.19,-0.11
-0.172,0.068,0.239,0.052,-0.206,0.153,-0.124,0.08,0.052,0.045,-0.188,-0.11
-0.174,0.063,0.237,0.055,-0.206,0.15,-0.111,0.111,0.078,0.058,-0.185,-0.109
-0.166,0.078,0.244,0.044,-0.206,0.161,-0.1,0.155,0.112,0.087,-0.185,-0.105
-0.153,0.078,0.231,0.037,-0.192,0.154,-0.09,0.189,0.147,0.103,-0.183,-0.104
-0.13,0.072,0.202,0.029,-0.167,0.137,-0.081,0.227,0.175,0.12,-0.178,-0.106
-0.121,0.069,0.19,0.026,-0.156,0.129,-0.073,0.265,0.209,0.135,-0.174,-0.102
-0.092,0.064,0.156,0.014,-0.125,0.11,-0.064,0.288,0.233,0.135,-0.198,-0.123
-0.057,0.059,0.116,-0.001,-0.087,0.087,-0.061,0.314,0.234,0.132,-0.223,-0.143
-0.033,0.052,0.085,-0.01,-0.059,0.068,-0.053,0.324,0.243,0.129,-0.225,-0.142
-0.006,0.038,0.044,-0.016,-0.025,0.041,-0.051,0.312,0.239,0.126,-0.244,-0.168
0.011,0.029,0.017,-0.021,-0.003,0.023,-0.041,0.305,0.227,0.124,-0.259,-0.183
0.009,0.011,0.002,-0.01,0.004,0.006,-0.045,0.296,0.218,0.109,-0.267,-0.189
-0.026,-0.039,-0.013,0.033,-0.006,-0.026,-0.077,0.265,0.187,0.086,-0.291,-0.209
-0.024,-0.045,-0.021,0.035,-0.001,-0.033,-0.086,0.212,0.144,0.069,-0.306,-0.222
-0.021,-0.049,-0.029,0.035,0.005,-0.039,-0.106,0.163,0.107,0.035,-0.321,-0.226
-0.031,-0.069,-0.037,0.05,0.003,-0.053,-0.129,0.121,0.074,0.002,-0.34,-0.223
-0.019,-0.063,-0.044,0.041,0.013,-0.053,-0.143,0.094,0.049,-0.015,-0.34,-0.229
-0.026,-0.066,-0.04,0.046,0.007,-0.053,-0.156,0.086,0.041,-0.031,-0.339,-0.237
-0.031,-0.065,-0.033,0.048,0.002,-0.049,-0.156,0.081,0.034,-0.031,-0.335,-0.232
-0.036,-0.065,-0.029,0.051,-0.003,-0.047,-0.16,0.076,0.028,-0.03,-0.335,-0.23
-0.039,-0.061,-0.023,0.05,-0.008,-0.042,-0.162,0.069,0.021,-0.029,-0.334,-0.226
-0.039,-0.056,-0.017,0.048,-0.01,-0.037,-0.17,0.066,0.015,-0.024,-0.329,-0.224
-0.038,-0.051,-0.013,0.045,-0.013,-0.032,-0.167,0.069,0.02,-0.025,-0.33,-0.229
-0.041,-0.048,-0.007,0.044,-0.016,-0.028,-0.16,0.07,0.02,-0.025,-0.329,-0.23
-0.039,-0.042,-0.003,0.041,-0.018,-0.023,-0.159,0.083,0.023,-0.025,-0.33,-0.23
-0.04,-0.038,0.002,0.039,-0.021,-0.018,-0.151,0.086,0.031,-0.025,-0.329,-0.234
-0.055,-0.048,0.006,0.051,-0.03,-0.021,-0.15,0.084,0.044,-0.025,-0.334,-0.235
-0.057,-0.047,0.01,0.052,-0.033,-0.018,-0.158,0.085,0.049,-0.025,-0.335,-0.236
-0.052,-0.032,0.02,0.042,-0.036,-0.006,-0.161,0.085,0.04,-0.026,-0.337,-0.241
-0.032,-0.012,0.019,0.022,-0.025,0.003,-0.159,0.084,0.035,-0.029,-0.341,-0.244
-0.037,-0.027,0.01,0.032,-0.023,-0.008,-0.16,0.077,0.027,-0.03,-0.337,-0.248
-0.039,-0.035,0.004,0.036,-0.021,-0.015,-0.159,0.073,0.021,-0.029,-0.355,-0.253
-0.02,-0.024,-0.004,0.022,-0.008,-0.014,-0.161,0.067,0.016,-0.033,-0.36,-0.254
-0.033,-0.045,-0.011,0.039,-0.011,-0.028,-0.165,0.061,0.01,-0.042,-0.373,-0.268
-0.041,-0.057,-0.017,0.049,-0.012,-0.037,-0.169,0.056,0.005,-0.049,-0.396,-0.277
-0.041,-0.063,-0.022,0.052,-0.009,-0.042,-0.174,0.052,-0.001,-0.057,-0.394,-0.273
-0.046,-0.063,-0.017,0.055,-0.014,-0.04,-0.175,0.049,-0.006,-0.065,-0.396,-0.279
-0.031,-0.052,-0.021,0.042,-0.005,-0.036,-0.175,0.046,-0.011,-0.064,-0.4,-0.279
-0.02,-0.064,-0.044,0.042,0.013,-0.054,-0.175,0.043,-0.016,-0.067,-0.4,-0.281
-0.035,-0.079,-0.044,0.057,0.005,-0.061,-0.175,0.04,-0.021,-0.07,-0.398,-0.295
-0.034,-0.073,-0.039,0.054,0.003,-0.056,-0.174,0.039,-0.024,-0.073,-0.394,-0.294
-0.028,-0.065,-0.037,0.047,0.005,-0.051,-0.17,0.034,-0.031,-0.075,-0.395,-0.291
-0.027,-0.059,-0.032,0.044,0.002,-0.045,-0.169,0.034,-0.024,-0.08,-0.394,-0.288
-0.029,-0.058,-0.029,0.044,0.0,-0.043,-0.172,0.027,-0.012,-0.084,-0.395,-0.285
-0.008,-0.033,-0.025,0.021,0.009,-0.029,-0.156,0.054,0.001,-0.058,-0.395,-0.284
0.029,0.005,-0.023,-0.017,0.026,-0.009,-0.131,0.107,0.032,-0.023,-0.399,-0.28
0.037,0.018,-0.019,-0.028,0.028,0.0,-0.111,0.1,0.045,-0.003,-0.4,-0.28
0.027,0.0,-0.027,-0.013,0.027,-0.014,-0.144,0.082,0.022,-0.024,-0.399,-0.28
0.024,-0.03,-0.055,0.003,0.04,-0.042,-0.209,0.062,-0.005,-0.069,-0.401,-0.28
0.034,-0.041,-0.075,0.004,0.055,-0.058,-0.239,0.019,-0.028,-0.081,-0.394,-0.28
0.048,-0.039,-0.087,-0.004,0.067,-0.063,-0.243,0.007,-0.062,-0.11,-0.404,-0.289
0.06,-0.041,-0.101,-0.009,0.08,-0.071,-0.24,-0.003,-0.081,-0.135,-0.408,-0.298
0.052,-0.038,-0.09,-0.007,0.071,-0.064,-0.232,-0.006,-0.07,-0.125,-0.39,-0.29
0.013,-0.051,-0.064,0.019,0.039,-0.058,-0.209,-0.017,-0.079,-0.134,-0.423,-0.312
-0.028,-0.09,-0.062,0.059,0.017,-0.076,-0.192,-0.023,-0.072,-0.127,-0.447,-0.339
-0.051,-0.108,-0.058,0.08,0.004,-0.083,-0.184,-0.019,-0.075,-0.132,-0.451,-0.339
-0.046,-0.096,-0.05,0.071,0.002,-0.072,-0.189,-0.023,-0.073,-0.129,-0.448,-0.339
-0.044,-0.097,-0.052,0.071,0.005,-0.074,-0.174,-0.001,-0.063,-0.12,-0.453,-0.342
-0.052,-0.089,-0.037,0.071,-0.008,-0.063,-0.184,-0.025,-0.08,-0.127,-0.457,-0.345
-0.028,-0.085,-0.057,0.057,0.015,-0.071,-0.164,0.019,-0.045,-0.104,-0.45,-0.344
-0.08,-0.095,-0.015,0.088,-0.032,-0.055,-0.14,-0.012,-0.083,-0.116,-0.463,-0.348
-0.165,-0.147,0.018,0.156,-0.091,-0.064,-0.084,0.195,0.079,-0.027,-0.485,-0.401
0.168,-0.223,-0.392,0.028,0.281,-0.307,-0.078,0.476,0.288,-0.001,-0.512,-0.443
1.211,-0.059,-1.27,-0.575,1.24,-0.664,-0.569,0.175,0.363,0.015,-0.189,-0.272
1.556,-0.113,-1.669,-0.721,1.613,-0.891,-1.076,-0.653,-0.228,-0.402,-0.249,-0.263
0.758,-0.26,-1.018,-0.249,0.888,-0.638,-1.101,-1.319,-1.117,-0.965,-0.652,-0.402
0.326,0.077,-0.248,-0.201,0.287,-0.086,-0.755,-0.809,-0.704,-0.537,-0.388,-0.216
0.106,0.184,0.078,-0.145,0.014,0.131,-0.389,-0.264,-0.23,-0.188,-0.249,-0.12
-0.088,0.076,0.164,0.006,-0.126,0.119,-0.273,-0.2,-0.214,-0.183,-0.346,-0.21
-0.123,0.057,0.18,0.033,-0.151,0.118,-0.215,-0.094,-0.114,-0.105,-0.362,-0.242
-0.18,0.022,0.202,0.079,-0.191,0.112,-0.197,-0.113,-0.145,-0.129,-0.389,-0.252
-0.17,0.03,0.2,0.07,-0.185,0.115,-0.189,-0.077,-0.107,-0.096,-0.384,-0.265
-0.185,0.014,0.199,0.086,-0.192,0.106,-0.175,-0.078,-0.113,-0.1,-0.407,-0.285
-0.186,0.01,0.196,0.088,-0.191,0.103,-0.17,-0.066,-0.097,-0.086,-0.392,-0.275
-0.191,0.003,0.195,0.093,-0.193,0.099,-0.159,-0.052,-0.086,-0.08,-0.394,-0.275
-0.2,-0.009,0.191,0.104,-0.195,0.091,-0.158,-0.049,-0.08,-0.076,-0.388,-0.271
-0.223,-0.008,0.215,0.115,-0.219,0.103,-0.15,-0.031,-0.058,-0.066,-0.384,-0.269
-0.216,0.014,0.229,0.1,-0.223,0.121,-0.145,-0.022,-0.052,-0.06,-0.383,-0.267
-0.191,0.032,0.222,0.079,-0.207,0.127,-0.14,0.004,-0.033,-0.041,-0.372,-0.259
-0.195,0.028,0.223,0.083,-0.209,0.125,-0.133,0.02,-0.021,-0.03,-0.369,-0.256
-0.182,0.036,0.219,0.073,-0.201,0.127,-0.123,0.048,0.003,-0.007,-0.359,-0.248
-0.167,0.053,0.221,0.057,-0.194,0.137,-0.111,0.075,0.029,0.012,-0.355,-0.244
-0.143,0.07,0.213,0.037,-0.178,0.141,-0.097,0.104,0.051,0.026,-0.348,-0.237
-0.133,0.069,0.202,0.032,-0.168,0.136,-0.083,0.14,0.085,0.041,-0.345,-0.25
-0.119,0.075,0.194,0.022,-0.156,0.134,-0.072,0.182,0.123,0.068,-0.345,-0.262
-0.099,0.082,0.181,0.008,-0.141,0.132,-0.062,0.218,0.146,0.081,-0.343,-0.258
-0.095,0.069,0.164,0.013,-0.129,0.116,-0.053,0.247,0.17,0.091,-0.339,-0.261
-0.073,0.058,0.13,0.007,-0.102,0.094,-0.047,0.274,0.195,0.101,-0.34,-0.258
-0.044,0.047,0.091,-0.002,-0.068,0.068,-0.043,0.293,0.205,0.093,-0.359,-0.271
-0.029,0.031,0.06,-0.001,-0.045,0.045,-0.038,0.307,0.2,0.089,-0.381,-0.29
-0.008,0.019,0.027,-0.006,-0.018,0.023,-0.034,0.303,0.192,0.082,-0.395,-0.294
0.01,0.006,-0.003,-0.008,0.006,0.002,-0.029,0.286,0.187,0.078,-0.403,-0.311
0.02,-0.001,-0.021,-0.009,0.02,-0.011,-0.025,0.268,0.176,0.069,-0.411,-0.321
0.026,-0.016,-0.042,-0.005,0.034,-0.029,-0.034,0.229,0.142,0.04,-0.42,-0.331
0.011,-0.041,-0.052,0.015,0.032,-0.046,-0.059,0.18,0.095,0.01,-0.433,-0.346
0.002,-0.045,-0.047,0.022,0.024,-0.046,-0.081,0.141,0.056,-0.019,-0.445,-0.345
-0.015,-0.06,-0.045,0.038,0.015,-0.052,-0.093,0.103,0.017,-0.046,-0.445,-0.345
-0.042,-0.083,-0.041,0.063,0.0,-0.062,-0.112,0.08,-0.004,-0.067,-0.444,-0.345
-0.037,-0.077,-0.04,0.057,0.002,-0.058,-0.116,0.074,-0.009,-0.074,-0.44,-0.345
-0.033,-0.069,-0.036,0.051,0.002,-0.052,-0.114,0.067,-0.014,-0.075,-0.44,-0.342
-0.032,-0.061,-0.029,0.047,-0.001,-0.045,-0.116,0.061,-0.017,-0.075,-0.439,-0.337
-0.031,-0.054,-0.023,0.043,-0.004,-0.038,-0.115,0.054,-0.023,-0.075,-0.432,-0.334
-0.034,-0.05,-0.016,0.042,-0.009,-0.032,-0.114,0.05,-0.024,-0.075,-0.427,-0.33
-0.038,-0.048,-0.009,0.043,-0.014,-0.028,-0.108,0.05,-0.019,-0.075,-0.422,-0.327
-0.041,-0.045,-0.003,0.043,-0.019,-0.024,-0.104,0.05,-0.016,-0.075,-0.416,-0.323
-0.041,-0.041,0.0,0.041,-0.02,-0.021,-0.099,0.054,-0.013,-0.074,-0.411,-0.32
-0.043,-0.041,0.002,0.042,-0.023,-0.019,-0.095,0.055,-0.009,-0.076,-0.406,-0.317
-0.039,-0.034,0.005,0.036,-0.022,-0.014,-0.09,0.055,-0.004,-0.074,-0.404,-0.315
-0.037,-0.028,0.008,0.032,-0.022,-0.01,-0.087,0.055,-0.01,-0.076,-0.405,-0.311
-0.023,-0.013,0.011,0.018,-0.017,-0.001,-0.081,0.055,-0.018,-0.074,-0.404,-0.31
-0.031,-0.025,0.006,0.028,-0.018,-0.009,-0.082,0.055,-0.024,-0.077,-0.405,-0.306
-0.056,-0.056,-0.001,0.056,-0.027,-0.028,-0.099,0.051,-0.031,-0.106,-0.403,-0.305
-0.066,-0.074,-0.007,0.07,-0.029,-0.04,-0.1,0.046,-0.04,-0.111,-0.4,-0.323
-0.072,-0.086,-0.014,0.079,-0.029,-0.049,-0.095,0.041,-0.044,-0.111,-0.4,-0.324
-0.055,-0.076,-0.021,0.066,-0.017,-0.049,-0.094,0.037,-0.048,-0.117,-0.4,-0.319
-0.049,-0.074,-0.025,0.062,-0.011,-0.049,-0.089,0.032,-0.067,-0.113,-0.4,-0.317
-0.044,-0.069,-0.025,0.057,-0.009,-0.047,-0.092,0.029,-0.071,-0.129,-0.4,-0.312
-0.039,-0.064,-0.025,0.052,-0.007,-0.044,-0.095,0.024,-0.069,-0.136,-0.397,-0.31
-0.04,-0.066,-0.025,0.054,-0.007,-0.046,-0.097,0.021,-0.071,-0.134,-0.394,-0.305
-0.04,-0.064,-0.024,0.052,-0.007,-0.044,-0.101,0.018,-0.07,-0.135,-0.391,-0.305
-0.04,-0.066,-0.026,0.053,-0.007,-0.046,-0.095,0.013,-0.07,-0.135,-0.388,-0.304
-0.04,-0.064,-0.024,0.053,-0.008,-0.044,-0.096,0.01,-0.079,-0.135,-0.385,-0.299
-0.039,-0.066,-0.027,0.053,-0.005,-0.046,-0.094,0.014,-0.083,-0.128,-0.384,-0.3
-0.03,-0.061,-0.031,0.046,0.001,-0.046,-0.096,0.024,-0.07,-0.12,-0.377,-0.297
-0.031,-0.049,-0.018,0.041,-0.006,-0.034,-0.091,0.029,-0.066,-0.115,-0.371,-0.291
-0.027,-0.032,-0.005,0.03,-0.011,-0.018,-0.056,0.056,-0.043,-0.103,-0.366,-0.284
-0.019,-0.013,0.006,0.016,-0.012,-0.003,-0.029,0.094,-0.008,-0.07,-0.359,-0.277
0.004,0.004,0.0,-0.004,0.002,0.002,-0.043,0.082,-0.013,-0.055,-0.355,-0.271
0.045,0.016,-0.029,-0.03,0.037,-0.007,-0.097,0.048,-0.029,-0.08,-0.348,-0.264
0.053,0.01,-0.043,-0.031,0.048,-0.016,-0.147,0.011,-0.058,-0.106,-0.344,-0.261
0.047,-0.01,-0.056,-0.018,0.052,-0.033,-0.17,-0.03,-0.098,-0.131,-0.337,-0.256
0.062,-0.016,-0.077,-0.023,0.07,-0.046,-0.166,-0.05,-0.124,-0.156,-0.336,-0.254
0.086,0.011,-0.075,-0.048,0.08,-0.032,-0.155,-0.052,-0.126,-0.154,-0.334,-0.249
0.046,-0.02,-0.066,-0.013,0.056,-0.043,-0.144,-0.043,-0.122,-0.155,-0.333,-0.245
-0.007,-0.064,-0.057,0.035,0.026,-0.06,-0.137,-0.049,-0.129,-0.156,-0.33,-0.251
-0.034,-0.087,-0.053,0.06,0.01,-0.069,-0.128,-0.035,-0.119,-0.152,-0.328,-0.255
-0.064,-0.117,-0.053,0.091,-0.005,-0.085,-0.123,-0.046,-0.131,-0.16,-0.337,-0.254
-0.054,-0.111,-0.057,0.083,0.002,-0.084,-0.117,-0.027,-0.108,-0.138,-0.33,-0.247
-0.067,-0.12,-0.053,0.094,-0.007,-0.086,-0.106,-0.027,-0.116,-0.148,-0.342,-0.25
-0.052,-0.109,-0.057,0.081,0.003,-0.083,-0.108,-0.016,-0.094,-0.119,-0.326,-0.241
-0.073,-0.122,-0.049,0.098,-0.011,-0.085,-0.076,0.003,-0.094,-0.134,-0.344,-0.243
-0.127,-0.114,0.013,0.12,-0.07,-0.05,-0.046,0.04,-0.064,-0.095,-0.333,-0.256
-0.089,-0.24,-0.151,0.165,0.031,-0.195,0.062,0.365,0.151,-0.06,-0.418,-0.387
0.66,-0.218,-0.877,-0.221,0.769,-0.547,-0.149,0.437,0.339,-0.046,-0.265,-0.307
1.627,0.079,-1.548,-0.853,1.587,-0.734,-0.707,-0.112,0.239,-0.008,0.153,0.053
1.111,-0.098,-1.209,-0.506,1.16,-0.653,-0.966,-1.04,-0.729,-0.644,-0.186,-0.076
0.338,-0.073,-0.411,-0.132,0.375,-0.242,-0.858,-1.202,-1.094,-0.819,-0.34,-0.135
0.194,0.213,0.018,-0.203,0.088,0.115,-0.483,-0.504,-0.44,-0.295,-0.049,0.075
-0.027,0.112,0.139,-0.043,-0.083,0.125,-0.244,-0.234,-0.269,-0.197,-0.116,-0.014
-0.089,0.066,0.155,0.011,-0.122,0.111,-0.197,-0.165,-0.212,-0.143,-0.14,-0.07
-0.118,0.064,0.181,0.027,-0.15,0.123,-0.148,-0.117,-0.185,-0.129,-0.146,-0.068
-0.131,0.049,0.18,0.041,-0.156,0.114,-0.146,-0.117,-0.19,-0.132,-0.146,-0.073
-0.132,0.047,0.179,0.043,-0.156,0.113,-0.129,-0.094,-0.16,-0.112,-0.136,-0.067
-0.149,0.032,0.181,0.059,-0.165,0.106,-0.125,-0.103,-0.174,-0.119,-0.145,-0.073
-0.141,0.038,0.18,0.052,-0.161,0.109,-0.116,-0.084,-0.15,-0.1,-0.134,-0.066
-0.146,0.032,0.178,0.056,-0.162,0.105,-0.108,-0.086,-0.156,-0.103,-0.129,-0.06
-0.144,0.036,0.18,0.053,-0.163,0.108,-0.105,-0.071,-0.141,-0.083,-0.109,-0.044
-0.162,0.035,0.197,0.063,-0.18,0.116,-0.099,-0.063,-0.134,-0.076,-0.1,-0.035
-0.16,0.034,0.194,0.063,-0.178,0.114,-0.099,-0.053,-0.121,-0.06,-0.085,-0.025
-0.14,0.055,0.195,0.042,-0.168,0.125,-0.092,-0.037,-0.106,-0.046,-0.075,-0.014
-0.14,0.055,0.195,0.042,-0.168,0.125,-0.091,-0.02,-0.088,-0.033,-0.063,-0.005
-0.148,0.047,0.195,0.05,-0.172,0.121,-0.085,0.004,-0.061,-0.013,-0.05,0.009
-0.116,0.075,0.192,0.02,-0.154,0.134,-0.077,0.03,-0.044,-0.001,-0.04,0.032
-0.098,0.082,0.18,0.008,-0.139,0.131,-0.071,0.055,-0.023,0.028,-0.03,0.043
-0.094,0.075,0.169,0.009,-0.132,0.122,-0.063,0.069,0.008,0.042,-0.02,0.038
-0.083,0.075,0.158,0.003,-0.121,0.116,-0.05,0.102,0.037,0.045,-0.01,0.043
-0.066,0.07,0.136,-0.002,-0.101,0.103,-0.036,0.142,0.072,0.068,-0.004,0.053
-0.034,0.071,0.105,-0.018,-0.069,0.087,-0.026,0.16,0.086,0.071,-0.005,0.046
-0.013,0.062,0.075,-0.025,-0.044,0.068,-0.021,0.163,0.084,0.069,-0.003,0.036
0.008,0.053,0.045,-0.031,-0.018,0.049,-0.016,0.175,0.097,0.071,0.001,0.028
0.027,0.042,0.015,-0.035,0.005,0.029,-0.013,0.194,0.102,0.07,0.0,0.018
0.048,0.032,-0.016,-0.04,0.032,0.008,-0.007,0.188,0.097,0.069,-0.003,0.016
0.043,0.013,-0.03,-0.028,0.036,-0.008,-0.006,0.181,0.085,0.061,-0.006,0.012
0.017,-0.015,-0.032,-0.001,0.025,-0.023,-0.011,0.173,0.08,0.054,-0.009,0.01
0.004,-0.031,-0.034,0.014,0.019,-0.032,-0.013,0.145,0.06,0.049,-0.012,0.007
0.008,-0.031,-0.039,0.012,0.023,-0.034,-0.018,0.11,0.02,0.033,-0.015,0.004
0.027,-0.019,-0.046,-0.004,0.037,-0.032,-0.019,0.071,0.0,0.008,-0.014,0.009
-0.002,-0.042,-0.04,0.022,0.019,-0.041,-0.027,0.051,-0.032,-0.002,-0.006,0.016
-0.015,-0.05,-0.035,0.033,0.011,-0.042,-0.045,0.042,-0.049,-0.006,0.001,0.023
-0.03,-0.062,-0.032,0.046,0.001,-0.047,-0.045,0.029,-0.057,-0.011,0.011,0.029
-0.06,-0.087,-0.026,0.074,-0.017,-0.056,-0.041,0.021,-0.071,-0.015,0.016,0.036
-0.041,-0.064,-0.023,0.053,-0.009,-0.043,-0.039,0.019,-0.061,-0.02,0.028,0.045
-0.039,-0.056,-0.017,0.048,-0.01,-0.037,-0.035,0.02,-0.058,-0.017,0.047,0.055
-0.038,-0.05,-0.013,0.044,-0.012,-0.031,-0.034,0.02,-0.051,-0.012,0.057,0.065
-0.036,-0.045,-0.009,0.04,-0.013,-0.026,-0.03,0.02,-0.046,-0.009,0.059,0.072
-0.036,-0.04,-0.004,0.038,-0.016,-0.021,-0.027,0.019,-0.041,-0.006,0.067,0.079
-0.034,-0.033,0.001,0.034,-0.017,-0.016,-0.025,0.015,-0.04,-0.001,0.094,0.079
-0.033,-0.029,0.004,0.03,-0.018,-0.012,-0.021,0.016,-0.039,-0.001,0.101,0.084
-0.032,-0.025,0.008,0.028,-0.02,-0.008,-0.02,0.012,-0.036,-0.005,0.102,0.091
-0.03,-0.02,0.01,0.025,-0.02,-0.005,-0.024,0.01,-0.034,-0.005,0.107,0.09
-0.037,-0.022,0.015,0.029,-0.026,-0.003,-0.025,0.01,-0.038,-0.005,0.103,0.089
-0.058,-0.045,0.012,0.051,-0.035,-0.016,-0.025,0.007,-0.057,-0.005,0.114,0.085
-0.028,-0.024,0.004,0.025,-0.016,-0.01,-0.025,0.001,-0.05,-0.005,0.121,0.084
-0.026,-0.029,-0.002,0.028,-0.012,-0.015,-0.024,-0.004,-0.057,-0.008,0.119,0.088
-0.065,-0.075,-0.01,0.07,-0.027,-0.042,-0.026,-0.007,-0.07,-0.013,0.12,0.09
-0.058,-0.076,-0.018,0.067,-0.019,-0.047,-0.03,-0.013,-0.076,-0.016,0.12,0.094
-0.05,-0.074,-0.024,0.062,-0.013,-0.048,-0.03,-0.016,-0.096,-0.019,0.12,0.096
-0.051,-0.071,-0.02,0.061,-0.015,-0.046,-0.03,-0.023,-0.094,-0.025,0.123,0.099
-0.05,-0.07,-0.02,0.06,-0.015,-0.045,-0.03,-0.021,-0.095,-0.023,0.126,0.1
-0.05,-0.069,-0.019,0.059,-0.015,-0.044,-0.03,-0.012,-0.095,-0.021,0.128,0.1
-0.052,-0.066,-0.014,0.059,-0.018,-0.04,-0.024,-0.004,-0.096,-0.016,0.133,0.1
-0.035,-0.05,-0.015,0.043,-0.009,-0.033,-0.008,0.004,-0.089,-0.017,0.137,0.099
-0.001,-0.013,-0.012,0.007,0.006,-0.012,0.02,0.011,-0.049,-0.001,0.163,0.118
0.019,0.015,-0.004,-0.017,0.011,0.006,0.056,0.047,-0.035,0.029,0.184,0.145
0.008,0.013,0.004,-0.011,0.002,0.008,0.051,0.06,-0.031,0.024,0.179,0.154
0.003,-0.009,-0.012,0.003,0.008,-0.011,0.004,0.026,-0.034,0.011,0.181,0.15
0.03,-0.01,-0.04,-0.01,0.035,-0.024,-0.04,-0.008,-0.061,0.001,0.176,0.141
0.054,0.002,-0.052,-0.028,0.053,-0.025,-0.074,-0.045,-0.088,-0.016,0.175,0.137
0.067,-0.008,-0.075,-0.029,0.071,-0.042,-0.082,-0.077,-0.118,-0.04,0.175,0.127
0.068,-0.015,-0.083,-0.026,0.075,-0.049,-0.069,-0.093,-0.129,-0.058,0.176,0.129
0.073,0.004,-0.068,-0.038,0.071,-0.032,-0.055,-0.079,-0.121,-0.052,0.182,0.134
0.027,-0.036,-0.062,0.005,0.045,-0.049,-0.045,-0.078,-0.13,-0.059,0.16,0.121
-0.035,-0.093,-0.058,0.064,0.012,-0.075,-0.035,-0.068,-0.121,-0.051,0.162,0.115
-0.045,-0.102,-0.057,0.074,0.006,-0.079,-0.024,-0.061,-0.141,-0.059,0.156,0.1
-0.043,-0.095,-0.052,0.07,0.005,-0.073,-0.016,-0.062,-0.137,-0.05,0.164,0.095
-0.042,-0.094,-0.052,0.068,0.005,-0.072,-0.005,-0.045,-0.126,-0.044,0.157,0.081
-0.054,-0.104,-0.05,0.079,-0.002,-0.077,-0.005,-0.067,-0.136,-0.041,0.161,0.077
-0.057,-0.112,-0.055,0.085,-0.001,-0.084,0.012,-0.027,-0.087,-0.021,0.163,0.065
-0.086,-0.095,-0.009,0.091,-0.038,-0.052,0.025,-0.047,-0.103,-0.02,0.124,0.036
-0.155,-0.178,-0.023,0.167,-0.066,-0.1,0.164,0.211,0.085,0.081,0.076,-0.015
0.283,-0.252,-0.535,-0.015,0.409,-0.393,0.132,0.53,0.345,0.108,0.086,-0.03
1.34,0.021,-1.319,-0.68,1.329,-0.649,-0.39,0.199,0.457,0.226,0.541,0.302
1.415,0.007,-1.407,-0.711,1.411,-0.7,-0.808,-0.708,-0.25,-0.207,0.493,0.401
0.578,-0.144,-0.723,-0.217,0.651,-0.433,-0.833,-1.31,-1.117,-0.798,0.066,0.206
0.234,0.135,-0.099,-0.184,0.166,0.018,-0.524,-0.787,-0.675,-0.378,0.271,0.314
0.029,0.162,0.133,-0.095,-0.053,0.147,-0.186,-0.299,-0.281,-0.085,0.32,0.313
-0.096,0.059,0.156,0.018,-0.126,0.107,-0.098,-0.219,-0.243,-0.07,0.245,0.212
-0.098,0.084,0.183,0.007,-0.141,0.133,-0.058,-0.129,-0.152,-0.014,0.235,0.204
-0.158,0.056,0.214,0.051,-0.186,0.135,-0.041,-0.146,-0.172,-0.038,0.207,0.191
-0.155,0.049,0.204,0.053,-0.18,0.126,-0.03,-0.112,-0.132,-0.007,0.227,0.191
-0.163,0.04,0.203,0.062,-0.183,0.121,-0.017,-0.116,-0.148,-0.018,0.203,0.178
-0.162,0.035,0.197,0.064,-0.18,0.116,-0.014,-0.105,-0.128,-0.001,0.212,0.177
-0.165,0.028,0.192,0.068,-0.179,0.109,-0.004,-0.098,-0.126,0.0,0.2,0.179
-0.171,0.021,0.191,0.075,-0.181,0.106,0.0,-0.094,-0.121,0.006,0.199,0.18
-0.165,0.03,0.195,0.067,-0.18,0.112,0.008,-0.085,-0.108,0.012,0.214,0.18
-0.15,0.046,0.196,0.051,-0.173,0.121,0.017,-0.079,-0.099,0.012,0.22,0.18
-0.143,0.051,0.193,0.046,-0.168,0.121,0.027,-0.058,-0.075,0.022,0.221,0.18
-0.154,0.05,0.204,0.051,-0.179,0.127,0.038,-0.044,-0.055,0.046,0.219,0.179
-0.158,0.049,0.208,0.054,-0.183,0.128,0.048,-0.017,-0.031,0.069,0.221,0.181
-0.139,0.059,0.198,0.04,-0.169,0.128,0.057,0.012,-0.014,0.081,0.219,0.178
-0.12,0.073,0.193,0.023,-0.157,0.133,0.073,0.05,0.019,0.102,0.215,0.187
-0.109,0.075,0.183,0.017,-0.147,0.129,0.081,0.083,0.058,0.12,0.207,0.194
-0.086,0.094,0.18,-0.004,-0.133,0.136,0.104,0.115,0.087,0.15,0.201,0.185
-0.066,0.095,0.161,-0.015,-0.114,0.128,0.12,0.149,0.117,0.163,0.194,0.176
-0.038,0.081,0.119,-0.022,-0.079,0.1,0.119,0.168,0.139,0.159,0.188,0.17
-0.019,0.073,0.092,-0.027,-0.056,0.082,0.141,0.187,0.149,0.161,0.181,0.158
-0.008,0.06,0.068,-0.026,-0.038,0.064,0.147,0.204,0.15,0.16,0.163,0.13
0.007,0.045,0.038,-0.026,-0.016,0.041,0.142,0.204,0.15,0.16,0.142,0.108
0.019,0.018,-0.001,-0.018,0.009,0.008,0.15,0.198,0.15,0.153,0.126,0.095
0.034,0.0,-0.034,-0.017,0.034,-0.017,0.152,0.194,0.15,0.142,0.108,0.082
0.041,-0.011,-0.052,-0.015,0.047,-0.031,0.143,0.19,0.151,0.133,0.087,0.074
0.04,-0.021,-0.061,-0.01,0.051,-0.04,0.135,0.163,0.127,0.119,0.069,0.068
0.014,-0.042,-0.055,0.014,0.035,-0.048,0.125,0.118,0.084,0.097,0.057,0.06
-0.005,-0.058,-0.053,0.032,0.024,-0.055,0.117,0.082,0.046,0.078,0.048,0.052
-0.013,-0.061,-0.048,0.037,0.018,-0.055,0.111,0.049,0.023,0.062,0.037,0.046
-0.026,-0.071,-0.045,0.049,0.01,-0.057,0.104,0.024,0.01,0.048,0.029,0.04
-0.026,-0.067,-0.041,0.046,0.008,-0.054,0.097,0.017,-0.002,0.043,0.022,0.04
-0.028,-0.063,-0.034,0.046,0.004,-0.048,0.091,0.013,-0.008,0.04,0.016,0.039
-0.03,-0.061,-0.031,0.046,0.0,-0.046,0.085,0.009,-0.011,0.036,0.009,0.034
-0.03,-0.054,-0.024,0.042,-0.002,-0.039,0.09,0.004,-0.017,0.033,0.003,0.036
-0.039,-0.058,-0.019,0.049,-0.01,-0.038,0.11,0.0,-0.02,0.029,-0.003,0.032
-0.051,-0.064,-0.014,0.058,-0.018,-0.039,0.116,0.006,-0.014,0.036,-0.007,0.029
-0.048,-0.058,-0.01,0.053,-0.019,-0.034,0.114,0.012,-0.008,0.045,-0.01,0.03
-0.04,-0.05,-0.01,0.045,-0.015,-0.03,0.115,0.02,-0.001,0.045,-0.013,0.026
-0.035,-0.045,-0.01,0.04,-0.012,-0.027,0.115,0.026,0.005,0.044,-0.018,0.025
-0.027,-0.037,-0.01,0.032,-0.008,-0.023,0.115,0.025,0.013,0.04,-0.02,0.025
-0.024,-0.034,-0.01,0.029,-0.007,-0.022,0.11,0.025,0.012,0.04,-0.026,0.02
-0.023,-0.036,-0.013,0.03,-0.004,-0.024,0.11,0.02,0.004,0.039,-0.042,0.015
-0.016,-0.034,-0.018,0.025,0.001,-0.026,0.109,0.02,-0.004,0.03,-0.055,0.01
-0.016,-0.036,-0.02,0.026,0.003,-0.028,0.104,0.019,-0.013,0.021,-0.071,0.007
-0.009,-0.034,-0.024,0.022,0.008,-0.029,0.105,0.011,-0.018,0.013,-0.08,0.001
-0.018,-0.047,-0.029,0.033,0.006,-0.037,0.107,0.004,-0.028,0.003,-0.09,-0.002
-0.01,-0.039,-0.029,0.025,0.01,-0.034,0.11,-0.003,-0.023,-0.004,-0.107,-0.009
0.013,-0.012,-0.024,0.0,0.019,-0.018,0.117,-0.011,-0.032,-0.007,-0.12,-0.014
-0.025,-0.05,-0.025,0.038,0.0,-0.037,0.121,-0.018,-0.053,-0.011,-0.134,-0.02
-0.044,-0.069,-0.025,0.057,-0.009,-0.047,0.12,-0.02,-0.048,-0.014,-0.139,-0.052
-0.038,-0.063,-0.024,0.051,-0.007,-0.043,0.116,-0.02,-0.051,-0.019,-0.139,-0.062
-0.021,-0.066,-0.044,0.044,0.012,-0.055,0.115,-0.02,-0.049,-0.019,-0.146,-0.058
-0.01,-0.058,-0.048,0.034,0.019,-0.053,0.114,-0.02,-0.051,-0.012,-0.153,-0.061
-0.024,-0.062,-0.037,0.043,0.006,-0.049,0.121,-0.021,-0.045,-0.006,-0.156,-0.059
-0.02,-0.053,-0.034,0.037,0.007,-0.043,0.12,-0.018,-0.037,0.002,-0.164,-0.06
-0.01,-0.033,-0.024,0.022,0.007,-0.028,0.141,0.013,-0.029,0.005,-0.164,-0.055
0.022,0.001,-0.022,-0.012,0.022,-0.01,0.186,0.053,0.006,0.027,-0.158,-0.055
0.037,0.027,-0.01,-0.032,0.023,0.008,0.179,0.07,0.028,0.039,-0.157,-0.054
0.033,0.018,-0.015,-0.026,0.024,0.001,0.14,0.054,0.016,0.02,-0.149,-0.05
0.062,0.009,-0.054,-0.036,0.058,-0.022,0.097,0.009,-0.02,0.006,-0.155,-0.05
0.086,0.003,-0.083,-0.044,0.084,-0.04,0.081,-0.031,-0.05,-0.012,-0.17,-0.05
0.076,-0.022,-0.098,-0.027,0.087,-0.059,0.087,-0.054,-0.07,-0.04,-0.179,-0.064
0.057,-0.044,-0.101,-0.006,0.079,-0.073,0.084,-0.07,-0.095,-0.067,-0.195,-0.084
0.047,-0.053,-0.1,0.004,0.074,-0.077,0.084,-0.059,-0.087,-0.069,-0.203,-0.093
0.034,-0.046,-0.08,0.006,0.057,-0.063,0.09,-0.058,-0.092,-0.071,-0.203,-0.093
-0.011,-0.075,-0.065,0.043,0.027,-0.07,0.098,-0.057,-0.09,-0.07,-0.225,-0.116
-0.036,-0.104,-0.068,0.07,0.017,-0.086,0.104,-0.044,-0.087,-0.069,-0.252,-0.138
-0.026,-0.079,-0.054,0.053,0.014,-0.066,0.118,-0.059,-0.095,-0.073,-0.249,-0.133
-0.044,-0.106,-0.062,0.076,0.009,-0.084,0.131,-0.046,-0.069,-0.076,-0.271,-0.154
-0.049,-0.091,-0.042,0.07,-0.003,-0.067,0.119,-0.075,-0.091,-0.088,-0.286,-0.165
-0.038,-0.096,-0.059,0.067,0.011,-0.077,0.132,-0.018,-0.045,-0.053,-0.263,-0.155
-0.072,-0.114,-0.042,0.093,-0.014,-0.078,0.118,-0.049,-0.086,-0.052,-0.282,-0.164
-0.129,-0.102,0.027,0.116,-0.078,-0.037,0.218,0.12,0.046,0.041,-0.288,-0.183
0.085,-0.207,-0.292,0.061,0.189,-0.249,0.287,0.478,0.308,0.101,-0.323,-0.253
1.058,-0.033,-1.09,-0.512,1.074,-0.561,-0.165,0.268,0.428,0.172,-0.01,-0.038
1.615,-0.026,-1.641,-0.794,1.628,-0.833,-0.722,-0.492,-0.01,-0.157,0.067,0.084
0.915,-0.251,-1.166,-0.332,1.041,-0.708,-0.852,-1.278,-1.007,-0.854,-0.412,-0.18
0.399,0.051,-0.348,-0.225,0.373,-0.149,-0.52,-0.93,-0.798,-0.559,-0.273,-0.039
0.18,0.205,0.025,-0.192,0.078,0.114,-0.139,-0.311,-0.238,-0.12,-0.076,0.106
-0.049,0.097,0.146,-0.025,-0.098,0.122,-0.009,-0.238,-0.226,-0.122,-0.19,-0.03
-0.099,0.069,0.168,0.015,-0.134,0.118,0.075,-0.132,-0.12,-0.057,-0.199,-0.064
-0.131,0.053,0.184,0.039,-0.158,0.118,0.095,-0.134,-0.144,-0.075,-0.227,-0.07
-0.1,0.086,0.186,0.007,-0.144,0.136,0.094,-0.099,-0.114,-0.048,-0.229,-0.088
-0.114,0.064,0.178,0.025,-0.146,0.121,0.114,-0.087,-0.111,-0.049,-0.245,-0.11
-0.12,0.064,0.183,0.028,-0.152,0.123,0.12,-0.081,-0.103,-0.042,-0.238,-0.103
-0.15,0.055,0.204,0.047,-0.177,0.129,0.127,-0.06,-0.087,-0.031,-0.24,-0.106
-0.173,0.045,0.218,0.063,-0.196,0.132,0.128,-0.057,-0.09,-0.031,-0.249,-0.104
-0.162,0.051,0.213,0.055,-0.188,0.132,0.135,-0.037,-0.063,-0.018,-0.246,-0.106
-0.169,0.048,0.216,0.06,-0.193,0.131,0.14,-0.03,-0.053,-0.012,-0.242,-0.099
-0.161,0.053,0.214,0.054,-0.188,0.133,0.148,-0.007,-0.037,0.004,-0.235,-0.098
-0.169,0.047,0.215,0.061,-0.192,0.131,0.154,0.012,-0.017,0.016,-0.23,-0.117
-0.155,0.056,0.212,0.049,-0.184,0.134,0.168,0.034,0.009,0.035,-0.226,-0.109
-0.146,0.063,0.209,0.042,-0.178,0.135,0.186,0.06,0.025,0.052,-0.229,-0.105
-0.149,0.077,0.225,0.036,-0.187,0.151,0.194,0.097,0.062,0.071,-0.23,-0.102
-0.136,0.094,0.23,0.021,-0.183,0.162,0.207,0.134,0.094,0.095,-0.231,-0.095
-0.117,0.098,0.215,0.009,-0.166,0.156,0.22,0.183,0.135,0.12,-0.235,-0.096
-0.07,0.13,0.2,-0.03,-0.135,0.165,0.232,0.22,0.168,0.137,-0.235,-0.094
-0.043,0.132,0.175,-0.045,-0.109,0.153,0.244,0.249,0.191,0.146,-0.231,-0.096
-0.03,0.105,0.135,-0.037,-0.083,0.12,0.247,0.278,0.218,0.148,-0.239,-0.117
-0.001,0.095,0.096,-0.047,-0.049,0.095,0.258,0.297,0.225,0.141,-0.242,-0.122
0.016,0.078,0.062,-0.048,-0.023,0.07,0.269,0.314,0.239,0.134,-0.265,-0.141
0.019,0.056,0.037,-0.037,-0.009,0.046,0.259,0.312,0.231,0.127,-0.3,-0.165
0.012,0.032,0.02,-0.022,-0.004,0.025,0.251,0.302,0.219,0.121,-0.309,-0.176
0.006,0.016,0.01,-0.011,-0.003,0.013,0.239,0.273,0.209,0.113,-0.319,-0.196
0.001,0.0,0.0,0.0,0.001,0.0,0.216,0.221,0.162,0.093,-0.34,-0.206
-0.005,-0.015,-0.01,0.011,0.003,-0.012,0.193,0.171,0.114,0.069,-0.362,-0.226
-0.008,-0.028,-0.02,0.018,0.006,-0.024,0.172,0.12,0.076,0.034,-0.372,-0.233
0.004,-0.041,-0.045,0.019,0.025,-0.043,0.157,0.087,0.037,-0.002,-0.375,-0.234
0.008,-0.042,-0.05,0.017,0.029,-0.045,0.143,0.065,0.016,-0.012,-0.377,-0.239
0.007,-0.034,-0.041,0.013,0.025,-0.037,0.135,0.059,0.014,-0.016,-0.381,-0.24
0.008,-0.031,-0.039,0.012,0.024,-0.035,0.136,0.057,0.011,-0.02,-0.378,-0.245
0.014,-0.019,-0.033,0.003,0.024,-0.026,0.133,0.046,0.009,-0.025,-0.375,-0.244
0.015,-0.015,-0.03,0.0,0.023,-0.022,0.131,0.048,0.004,-0.03,-0.374,-0.246
-0.001,-0.024,-0.023,0.013,0.011,-0.024,0.128,0.039,0.008,-0.03,-0.381,-0.244
-0.005,-0.017,-0.012,0.012,0.004,-0.014,0.135,0.119,0.03,-0.038,-0.407,-0.249
0.0,-0.002,-0.003,0.001,0.002,-0.002,0.135,0.234,0.068,-0.038,-0.415,-0.267
0.0,0.007,0.007,-0.004,-0.004,0.007,0.141,0.298,0.103,-0.03,-0.429,-0.28
0.007,0.023,0.017,-0.015,-0.005,0.02,0.147,0.307,0.106,-0.027,-0.447,-0.293
0.022,0.044,0.022,-0.033,0.0,0.033,0.119,0.228,0.104,-0.019,-0.44,-0.291
0.004,0.04,0.037,-0.022,-0.017,0.038,0.108,0.197,0.105,-0.016,-0.439,-0.284
-0.015,0.032,0.047,-0.009,-0.031,0.039,0.102,0.177,0.105,-0.015,-0.434,-0.28
-0.018,0.027,0.045,-0.005,-0.032,0.036,0.091,0.149,0.104,-0.013,-0.43,-0.272
-0.025,0.018,0.043,0.003,-0.034,0.03,0.087,0.136,0.095,-0.025,-0.43,-0.272
-0.025,0.015,0.04,0.005,-0.032,0.027,0.077,0.108,0.086,-0.036,-0.43,-0.275
-0.034,0.007,0.04,0.013,-0.037,0.023,0.068,0.088,0.078,-0.042,-0.44,-0.275
-0.033,0.003,0.036,0.014,-0.035,0.019,0.06,0.073,0.067,-0.053,-0.447,-0.275
-0.032,-0.003,0.029,0.018,-0.03,0.012,0.05,0.069,0.061,-0.06,-0.45,-0.274
-0.031,-0.008,0.023,0.019,-0.027,0.007,0.042,0.064,0.056,-0.059,-0.456,-0.282
-0.03,-0.015,0.016,0.022,-0.023,0.001,0.036,0.057,0.051,-0.064,-0.464,-0.291
-0.025,-0.016,0.009,0.02,-0.017,-0.003,0.032,0.053,0.048,-0.08,-0.458,-0.289
0.016,0.02,0.004,-0.019,0.006,0.012,0.025,0.047,0.042,-0.08,-0.465,-0.292
0.02,0.016,-0.004,-0.018,0.012,0.006,0.02,0.043,0.041,-0.079,-0.481,-0.295
-0.007,-0.019,-0.012,0.013,0.002,-0.015,0.014,0.037,0.045,-0.08,-0.476,-0.294
0.001,-0.02,-0.02,0.01,0.011,-0.02,0.009,0.034,0.045,-0.08,-0.473,-0.298
-0.001,-0.028,-0.027,0.015,0.014,-0.028,-0.004,0.029,0.044,-0.079,-0.47,-0.3
-0.007,-0.027,-0.02,0.017,0.006,-0.023,-0.001,0.023,0.052,-0.074,-0.465,-0.299
0.005,0.02,0.016,-0.013,-0.006,0.018,0.042,0.049,0.09,-0.075,-0.462,-0.301
0.02,0.052,0.031,-0.037,-0.006,0.041,0.051,0.079,0.121,-0.073,-0.459,-0.299
0.041,0.043,0.002,-0.042,0.019,0.023,0.019,0.066,0.108,-0.069,-0.459,-0.302
0.06,0.038,-0.023,-0.049,0.041,0.007,-0.02,0.038,0.084,-0.071,-0.454,-0.304
0.074,0.031,-0.044,-0.052,0.059,-0.006,-0.069,-0.002,0.057,-0.068,-0.455,-0.306
0.083,0.024,-0.059,-0.054,0.071,-0.017,-0.094,-0.04,0.046,-0.084,-0.466,-0.309
0.09,0.018,-0.071,-0.054,0.081,-0.026,-0.092,-0.051,0.039,-0.12,-0.478,-0.31
0.084,0.01,-0.074,-0.047,0.079,-0.032,-0.087,-0.051,0.031,-0.12,-0.469,-0.314
0.062,0.001,-0.061,-0.031,0.061,-0.03,-0.08,-0.046,0.026,-0.121,-0.473,-0.313
0.028,-0.021,-0.048,-0.003,0.039,-0.034,-0.076,-0.05,0.013,-0.129,-0.509,-0.325
-0.01,-0.055,-0.044,0.033,0.018,-0.049,-0.068,-0.038,0.025,-0.118,-0.524,-0.342
-0.05,-0.081,-0.032,0.066,-0.009,-0.056,-0.067,-0.052,0.011,-0.139,-0.547,-0.361
-0.058,-0.087,-0.028,0.073,-0.015,-0.057,-0.056,-0.026,0.033,-0.129,-0.555,-0.373
-0.066,-0.085,-0.019,0.076,-0.024,-0.052,-0.056,-0.039,0.014,-0.133,-0.558,-0.373
-0.058,-0.068,-0.01,0.063,-0.024,-0.039,-0.046,-0.02,0.036,-0.107,-0.538,-0.359
-0.06,-0.075,-0.015,0.068,-0.023,-0.045,-0.044,-0.017,0.029,-0.124,-0.549,-0.366
-0.102,-0.057,0.045,0.08,-0.073,-0.006,-0.014,0.013,0.067,-0.091,-0.55,-0.374
-0.047,-0.16,-0.112,0.104,0.033,-0.136,0.118,0.373,0.31,0.015,-0.612,-0.462
0.702,-0.105,-0.807,-0.298,0.755,-0.456,-0.168,0.376,0.465,0.038,-0.444,-0.367
1.64,0.06,-1.581,-0.85,1.61,-0.76,-0.773,-0.21,0.306,-0.083,-0.174,-0.133
1.203,-0.203,-1.406,-0.5,1.305,-0.804,-1.044,-1.125,-0.683,-0.752,-0.579,-0.343
0.478,-0.079,-0.557,-0.199,0.518,-0.318,-0.857,-1.19,-0.945,-0.816,-0.66,-0.349
0.252,0.237,-0.014,-0.244,0.132,0.111,-0.43,-0.444,-0.251,-0.249,-0.374,-0.118
-0.026,0.145,0.171,-0.059,-0.099,0.158,-0.229,-0.247,-0.127,-0.166,-0.433,-0.183
-0.083,0.102,0.185,-0.01,-0.134,0.143,-0.167,-0.163,-0.057,-0.117,-0.452,-0.255
-0.125,0.082,0.207,0.021,-0.167,0.144,-0.116,-0.123,-0.032,-0.108,-0.475,-0.274
-0.146,0.075,0.221,0.035,-0.184,0.148,-0.115,-0.129,-0.04,-0.11,-0.469,-0.268
-0.152,0.058,0.21,0.047,-0.181,0.133,-0.094,-0.092,-0.011,-0.09,-0.467,-0.276
-0.14,0.076,0.216,0.032,-0.179,0.146,-0.093,-0.1,-0.025,-0.098,-0.473,-0.277
-0.117,0.088,0.206,0.014,-0.161,0.147,-0.083,-0.072,0.003,-0.076,-0.488,-0.289
-0.152,0.062,0.214,0.045,-0.183,0.138,-0.077,-0.075,0.002,-0.077,-0.5,-0.299
-0.143,0.084,0.227,0.03,-0.185,0.155,-0.071,-0.057,0.025,-0.059,-0.481,-0.282
-0.152,0.079,0.23,0.036,-0.191,0.155,-0.064,-0.049,0.036,-0.054,-0.481,-0.28
-0.148,0.085,0.234,0.031,-0.191,0.159,-0.059,-0.027,0.052,-0.041,-0.468,-0.269
-0.155,0.084,0.239,0.035,-0.198,0.161,-0.049,0.002,0.068,-0.033,-0.466,-0.266
-0.155,0.096,0.251,0.029,-0.203,0.174,-0.042,0.019,0.091,-0.013,-0.465,-0.263
-0.146,0.113,0.259,0.016,-0.203,0.186,-0.034,0.042,0.12,0.007,-0.463,-0.26
-0.142,0.109,0.251,0.017,-0.197,0.179,-0.026,0.065,0.142,0.018,-0.46,-0.257
-0.133,0.11,0.243,0.011,-0.188,0.176,-0.012,0.101,0.179,0.044,-0.459,-0.255
-0.126,0.115,0.241,0.005,-0.184,0.178,0.002,0.146,0.212,0.063,-0.463,-0.252
-0.094,0.125,0.219,-0.016,-0.157,0.172,0.013,0.179,0.242,0.081,-0.464,-0.249
-0.079,0.118,0.197,-0.019,-0.138,0.157,0.019,0.218,0.272,0.1,-0.465,-0.242
-0.063,0.11,0.173,-0.024,-0.118,0.141,0.026,0.246,0.289,0.103,-0.463,-0.243
-0.023,0.103,0.126,-0.04,-0.075,0.114,0.033,0.255,0.301,0.096,-0.466,-0.271
-0.003,0.095,0.098,-0.046,-0.051,0.096,0.042,0.282,0.308,0.09,-0.476,-0.28
0.021,0.089,0.068,-0.056,-0.024,0.079,0.033,0.298,0.301,0.082,-0.495,-0.297
0.04,0.075,0.034,-0.058,0.003,0.054,0.028,0.283,0.287,0.077,-0.512,-0.313
0.05,0.062,0.012,-0.056,0.019,0.037,0.02,0.269,0.279,0.067,-0.52,-0.324
0.051,0.047,-0.004,-0.049,0.028,0.021,0.011,0.229,0.25,0.049,-0.536,-0.336
0.047,0.03,-0.017,-0.038,0.032,0.006,0.01,0.178,0.213,0.023,-0.547,-0.34
0.038,0.014,-0.024,-0.026,0.031,-0.005,-0.01,0.128,0.161,-0.008,-0.564,-0.362
0.025,-0.002,-0.027,-0.011,0.026,-0.014,-0.011,0.082,0.127,-0.028,-0.572,-0.366
0.021,-0.017,-0.039,-0.002,0.03,-0.028,-0.067,0.056,0.11,-0.057,-0.569,-0.364
0.005,-0.027,-0.033,0.011,0.019,-0.03,-0.049,0.03,0.098,-0.073,-0.57,-0.363
-0.001,-0.024,-0.023,0.013,0.012,-0.024,-0.071,0.03,0.1,-0.065,-0.57,-0.358
-0.002,-0.018,-0.016,0.01,0.007,-0.017,-0.053,-0.048,0.077,-0.064,-0.569,-0.361
-0.005,-0.015,-0.01,0.01,0.003,-0.012,-0.048,-0.137,0.098,-0.059,-0.567,-0.355
0.001,-0.01,-0.01,0.004,0.006,-0.01,-0.31,-0.13,0.042,-0.055,-0.563,-0.35
0.004,-0.006,-0.01,0.001,0.007,-0.007,-0.216,-0.123,0.215,-0.061,-0.561,-0.344
0.01,0.0,-0.01,-0.005,0.01,-0.005,-0.019,-0.133,0.251,-0.059,-0.557,-0.339
